host,tag,run,f1_topk_2,f1_topk_4,f1_topk_8,f1_topk_15,f1_topk_30,f1_q_0.5,f1_q_0.7,f1_q_0.8,f1_q_0.9,f1_tau_1,f1_tau_10
cadets,fullz,0,0.000183,0.000183,0.999451,0.999451,0.999314,0.999451,0.999451,0.000183,0.000183,0.999314,0.000183
cadets,fullz,1,0.000183,0.002911,0.99758,0.996715,0.996443,0.996852,0.99758,0.002911,0.000183,0.996715,0.99758
cadets,fullz,2,0.000183,0.004566,0.99936,0.999131,0.999131,0.99936,0.004566,0.004566,0.000183,0.999131,0.004566
cadets,TGN_fullz,0,0.000183,1.0,0.999771,0.998492,0.998492,0.999405,1.0,1.0,0.000183,0.998492,1.0
cadets,TGN_fullz,1,0.0,0.999954,0.999954,0.999954,0.999817,0.999954,0.999954,0.999954,0.0,0.999817,0.999954
cadets,TGN_fullz,2,0.999954,0.999908,0.999908,0.999908,0.999771,0.999908,0.999908,0.999908,0.999954,0.999771,0.999908
theia,fullz,0,0.999884,0.999884,0.988196,0.988128,0.988128,0.999884,0.999884,0.999884,0.999884,0.988128,0.988196
theia,fullz,1,0.999884,0.999884,0.989947,0.989947,0.989947,0.999884,0.999884,0.999884,0.999884,0.989947,0.989947
theia,fullz,2,0.999884,0.999884,0.999814,0.999814,0.999814,0.999884,0.999884,0.999884,0.999884,0.999814,0.999884
theia,TGN_fullz,0,0.999861,0.999861,0.996042,0.996019,0.996019,0.999861,0.999861,0.999861,0.999861,0.996042,0.996042
theia,TGN_fullz,1,0.999884,0.999884,0.999861,0.999861,0.999861,0.999884,0.999884,0.999884,0.999884,0.999884,0.999884
theia,TGN_fullz,2,0.999884,0.999884,0.990767,0.990699,0.990699,0.999884,0.999884,0.999884,0.999884,0.990699,0.990767
trace,fullz,0,0.999974,1.0,0.999887,0.999695,0.999529,0.999887,0.999904,1.0,0.999974,0.999529,0.999904
trace,fullz,1,0.999965,0.999965,0.999869,0.999529,0.999337,0.99986,0.999965,0.999965,0.999965,0.999389,0.999965
trace,fullz,2,0.999974,1.0,0.999904,0.999817,0.999677,0.999904,0.999904,1.0,0.999974,0.999703,1.0
trace,TGN_fullz,0,1.0,0.999904,0.999852,0.99945,0.99945,0.999852,0.999904,0.999904,1.0,0.999555,1.0
trace,TGN_fullz,1,0.999965,0.999869,0.999817,0.999433,0.999433,0.999843,0.999869,0.999869,0.999965,0.999782,0.999965
trace,TGN_fullz,2,0.999974,0.999974,0.999974,1.0,0.999503,1.0,0.999974,0.999974,0.999974,0.999503,1.0
SysClient0051,fullz,0,0.214286,0.214286,0.145349,0.578723,0.421538,0.446982,0.210243,0.140056,0.134503,0.425532,0.446982
SysClient0051,fullz,1,0.054945,0.836013,0.84345,0.749296,0.633333,0.749296,0.803625,0.84345,0.804054,0.628842,0.687339
SysClient0051,fullz,2,0.076503,0.174757,0.265306,0.363165,0.354271,0.355781,0.583333,0.265306,0.174757,0.353383,0.35533
SysClient0051,TGN_fullz,0,0.057143,0.265306,0.308458,0.835821,0.835821,0.308458,0.265306,0.265306,0.057143,0.835821,0.880503
SysClient0051,TGN_fullz,1,0.834437,0.852564,0.774566,0.694301,0.67,0.722372,0.774566,0.832298,0.858065,0.67,0.722372
SysClient0051,TGN_fullz,2,0.043243,0.251208,0.818462,0.798799,0.766571,0.803625,0.238532,0.238532,0.22549,0.766571,0.818462
SysClient0201,fullz,0,0.938053,0.938053,0.93913,0.93913,0.948276,0.93913,0.938053,0.938053,0.938053,0.93913,0.93913
SysClient0201,fullz,1,0.0,0.0,0.938053,0.947368,0.947368,0.938053,0.0,0.0,0.0,0.947368,0.938053
SysClient0201,fullz,2,0.938053,0.586957,0.591398,0.588235,0.588235,0.588235,0.591398,0.591398,0.938053,0.588235,0.591398
SysClient0201,TGN_fullz,0,0.900901,0.900901,0.929825,0.929825,0.929825,0.929825,0.900901,0.900901,0.900901,0.929825,0.929825
SysClient0201,TGN_fullz,1,0.0,0.938053,0.938053,0.938053,0.938053,0.938053,0.938053,0.938053,0.938053,0.938053,0.938053
SysClient0201,TGN_fullz,2,0.0,0.878505,0.878505,0.929825,0.929825,0.929825,0.938053,0.878505,0.878505,0.929825,0.878505
SysClient0501,fullz,0,0.666667,1.0,1.0,0.998582,0.991549,0.991549,0.998582,1.0,1.0,0.984615,0.998582
SysClient0501,fullz,1,0.666667,0.969253,0.98705,1.0,0.997167,1.0,1.0,0.984127,0.949254,0.997167,1.0
SysClient0501,fullz,2,0.0,1.0,1.0,1.0,0.973721,1.0,1.0,1.0,0.696296,0.973721,1.0
SysClient0501,TGN_fullz,0,0.988506,1.0,1.0,1.0,1.0,1.0,1.0,1.0,0.988506,1.0,1.0
SysClient0501,TGN_fullz,1,0.949254,1.0,1.0,1.0,1.0,1.0,0.976744,0.949254,0.696296,1.0,1.0
SysClient0501,TGN_fullz,2,1.0,1.0,1.0,1.0,0.990155,1.0,1.0,1.0,1.0,0.990155,0.995757
SimulatedUbuntu,fullz,0,0.971429,0.971429,0.971429,1.0,1.0,0.971429,0.971429,0.971429,0.971429,1.0,0.875
SimulatedUbuntu,fullz,1,0.909091,0.971429,0.971429,0.971429,0.971429,0.971429,0.971429,0.971429,0.909091,0.971429,0.909091
SimulatedUbuntu,fullz,2,1.0,1.0,1.0,1.0,1.0,1.0,1.0,1.0,1.0,1.0,1.0
SimulatedUbuntu,TGN_fullz,0,1.0,1.0,1.0,1.0,1.0,1.0,1.0,1.0,1.0,1.0,0.941176
SimulatedUbuntu,TGN_fullz,1,1.0,1.0,1.0,1.0,1.0,1.0,1.0,1.0,1.0,1.0,1.0
SimulatedUbuntu,TGN_fullz,2,1.0,1.0,1.0,1.0,1.0,1.0,1.0,1.0,0.875,1.0,1.0
SimulatedW10,fullz,0,0.996904,0.990769,0.949853,0.94152,0.94152,0.990769,0.990769,0.996904,0.996904,0.94152,0.996904
SimulatedW10,fullz,1,0.996904,0.990769,0.952663,0.949853,0.949853,0.990769,0.990769,0.996904,0.996904,0.949853,0.996904
SimulatedW10,fullz,2,0.996904,0.990769,0.958333,0.938776,0.938776,0.984709,0.990769,0.996904,0.996904,0.947059,0.996904
SimulatedW10,TGN_fullz,0,0.990769,0.975758,0.949853,0.936047,0.936047,0.975758,0.975758,0.98773,0.990769,0.936047,0.996904
SimulatedW10,TGN_fullz,1,0.996904,0.97281,0.949853,0.949853,0.949853,0.98773,0.996904,0.996904,0.996904,0.949853,0.996904
SimulatedW10,TGN_fullz,2,0.966967,0.958333,0.94152,0.925287,0.925287,0.958333,0.958333,0.966967,0.966967,0.925287,0.996904
SimulatedWS12,fullz,0,0.569231,0.544118,0.517483,0.517483,0.517483,0.552239,0.569231,0.569231,0.0,0.517483,0.0
SimulatedWS12,fullz,1,0.016,0.44186,0.415301,0.397906,0.397906,0.415301,0.44186,0.457831,0.016,0.397906,0.016
SimulatedWS12,fullz,2,0.564885,0.490066,0.45679,0.45679,0.45679,0.564885,0.564885,0.564885,0.0,0.45679,0.564885
SimulatedWS12,TGN_fullz,0,0.560606,0.548148,0.506849,0.474359,0.474359,0.528571,0.548148,0.560606,0.560606,0.474359,0.560606
SimulatedWS12,TGN_fullz,1,0.266187,0.266667,0.259386,0.259386,0.259386,0.272401,0.266187,0.266187,0.0,0.259386,0.266187
SimulatedWS12,TGN_fullz,2,0.0,0.430233,0.402174,0.38342,0.38342,0.41573,0.430233,0.45679,0.0,0.38342,0.430233
