host,variant,run,rule,real_F1,reproduced,chosen_mask,chosen_tau,chosen_lambda
SimulatedUbuntu,fullz,0,default_tau10,0.875,True,,,
SimulatedUbuntu,fullz,0,minor_tau1,1.0,True,,,
SimulatedUbuntu,fullz,0,significant_tau100,0.0,True,,,
SimulatedUbuntu,fullz,0,critical_tau1000,0.0,True,,,
SimulatedUbuntu,fullz,0,mask_FILE_tau10,0.0,True,,,
SimulatedUbuntu,fullz,0,mask_NET_tau10,0.0,True,,,
SimulatedUbuntu,fullz,0,mask_PROCESS_tau10,0.875,True,,,
SimulatedUbuntu,fullz,0,mask_PROCESS_tau1,1.0,True,,,
SimulatedUbuntu,fullz,0,oracle_prefix,1.0,True,,,
SimulatedUbuntu,fullz,0,topk5,0.9714,True,,,
SimulatedUbuntu,fullz,0,topk10,1.0,True,,,
SimulatedUbuntu,fullz,0,topk15,1.0,True,,,
SimulatedUbuntu,fullz,0,topk20,1.0,True,,,
SimulatedUbuntu,fullz,0,outlier_grubbs,0.875,True,,,
SimulatedUbuntu,fullz,0,outlier_zscore,0.875,True,,,
SimulatedUbuntu,fullz,0,outlier_iqr,0.875,True,,,
SimulatedUbuntu,fullz,1,default_tau10,0.9091,True,,,
SimulatedUbuntu,fullz,1,minor_tau1,0.9714,True,,,
SimulatedUbuntu,fullz,1,significant_tau100,0.0,True,,,
SimulatedUbuntu,fullz,1,critical_tau1000,0.0,True,,,
SimulatedUbuntu,fullz,1,mask_FILE_tau10,0.0,True,,,
SimulatedUbuntu,fullz,1,mask_NET_tau10,0.0,True,,,
SimulatedUbuntu,fullz,1,mask_PROCESS_tau10,0.9091,True,,,
SimulatedUbuntu,fullz,1,mask_PROCESS_tau1,0.9714,True,,,
SimulatedUbuntu,fullz,1,oracle_prefix,0.9714,True,,,
SimulatedUbuntu,fullz,1,topk5,0.9714,True,,,
SimulatedUbuntu,fullz,1,topk10,0.9714,True,,,
SimulatedUbuntu,fullz,1,topk15,0.9714,True,,,
SimulatedUbuntu,fullz,1,topk20,0.9714,True,,,
SimulatedUbuntu,fullz,1,outlier_grubbs,0.9091,True,,,
SimulatedUbuntu,fullz,1,outlier_zscore,0.875,True,,,
SimulatedUbuntu,fullz,1,outlier_iqr,0.9091,True,,,
SimulatedUbuntu,fullz,2,default_tau10,1.0,True,,,
SimulatedUbuntu,fullz,2,minor_tau1,1.0,True,,,
SimulatedUbuntu,fullz,2,significant_tau100,0.0,True,,,
SimulatedUbuntu,fullz,2,critical_tau1000,0.0,True,,,
SimulatedUbuntu,fullz,2,mask_FILE_tau10,0.0,True,,,
SimulatedUbuntu,fullz,2,mask_NET_tau10,0.0,True,,,
SimulatedUbuntu,fullz,2,mask_PROCESS_tau10,1.0,True,,,
SimulatedUbuntu,fullz,2,mask_PROCESS_tau1,1.0,True,,,
SimulatedUbuntu,fullz,2,oracle_prefix,1.0,True,,,
SimulatedUbuntu,fullz,2,topk5,1.0,True,,,
SimulatedUbuntu,fullz,2,topk10,1.0,True,,,
SimulatedUbuntu,fullz,2,topk15,1.0,True,,,
SimulatedUbuntu,fullz,2,topk20,1.0,True,,,
SimulatedUbuntu,fullz,2,outlier_grubbs,1.0,True,,,
SimulatedUbuntu,fullz,2,outlier_zscore,1.0,True,,,
SimulatedUbuntu,fullz,2,outlier_iqr,1.0,True,,,
SimulatedUbuntu,fullz,0,loocv_tau,1.0,True,,1.072744265,
SimulatedUbuntu,fullz,0,loocv_mask,1.0,True,PROCESS,1.0,
SimulatedUbuntu,fullz,0,loocv_lambda,1.0,True,PROCESS,1.0,0.0
SimulatedUbuntu,fullz,1,loocv_tau,0.9714,True,,1.0407351,
SimulatedUbuntu,fullz,1,loocv_mask,0.9714,True,PROCESS,1.0,
SimulatedUbuntu,fullz,1,loocv_lambda,0.9714,True,PROCESS,1.0,0.0
SimulatedUbuntu,fullz,2,loocv_tau,1.0,True,,1.0407351,
SimulatedUbuntu,fullz,2,loocv_mask,1.0,True,PROCESS,1.0,
SimulatedUbuntu,fullz,2,loocv_lambda,1.0,True,PROCESS,1.0,0.0
SimulatedUbuntu,TGN_fullz,0,default_tau10,0.9412,True,,,
SimulatedUbuntu,TGN_fullz,0,minor_tau1,1.0,True,,,
SimulatedUbuntu,TGN_fullz,0,significant_tau100,0.0,True,,,
SimulatedUbuntu,TGN_fullz,0,critical_tau1000,0.0,True,,,
SimulatedUbuntu,TGN_fullz,0,mask_FILE_tau10,0.0,True,,,
SimulatedUbuntu,TGN_fullz,0,mask_NET_tau10,0.0,True,,,
SimulatedUbuntu,TGN_fullz,0,mask_PROCESS_tau10,0.9412,True,,,
SimulatedUbuntu,TGN_fullz,0,mask_PROCESS_tau1,1.0,True,,,
SimulatedUbuntu,TGN_fullz,0,oracle_prefix,1.0,True,,,
SimulatedUbuntu,TGN_fullz,0,topk5,1.0,True,,,
SimulatedUbuntu,TGN_fullz,0,topk10,1.0,True,,,
SimulatedUbuntu,TGN_fullz,0,topk15,1.0,True,,,
SimulatedUbuntu,TGN_fullz,0,topk20,1.0,True,,,
SimulatedUbuntu,TGN_fullz,0,outlier_grubbs,0.9412,True,,,
SimulatedUbuntu,TGN_fullz,0,outlier_zscore,0.9412,True,,,
SimulatedUbuntu,TGN_fullz,0,outlier_iqr,0.9412,True,,,
SimulatedUbuntu,TGN_fullz,1,default_tau10,1.0,True,,,
SimulatedUbuntu,TGN_fullz,1,minor_tau1,1.0,True,,,
SimulatedUbuntu,TGN_fullz,1,significant_tau100,0.0,True,,,
SimulatedUbuntu,TGN_fullz,1,critical_tau1000,0.0,True,,,
SimulatedUbuntu,TGN_fullz,1,mask_FILE_tau10,0.0,True,,,
SimulatedUbuntu,TGN_fullz,1,mask_NET_tau10,0.0,True,,,
SimulatedUbuntu,TGN_fullz,1,mask_PROCESS_tau10,1.0,True,,,
SimulatedUbuntu,TGN_fullz,1,mask_PROCESS_tau1,1.0,True,,,
SimulatedUbuntu,TGN_fullz,1,oracle_prefix,1.0,True,,,
SimulatedUbuntu,TGN_fullz,1,topk5,1.0,True,,,
SimulatedUbuntu,TGN_fullz,1,topk10,1.0,True,,,
SimulatedUbuntu,TGN_fullz,1,topk15,1.0,True,,,
SimulatedUbuntu,TGN_fullz,1,topk20,1.0,True,,,
SimulatedUbuntu,TGN_fullz,1,outlier_grubbs,1.0,True,,,
SimulatedUbuntu,TGN_fullz,1,outlier_zscore,1.0,True,,,
SimulatedUbuntu,TGN_fullz,1,outlier_iqr,1.0,True,,,
SimulatedUbuntu,TGN_fullz,2,default_tau10,1.0,True,,,
SimulatedUbuntu,TGN_fullz,2,minor_tau1,1.0,True,,,
SimulatedUbuntu,TGN_fullz,2,significant_tau100,0.0,True,,,
SimulatedUbuntu,TGN_fullz,2,critical_tau1000,0.0,True,,,
SimulatedUbuntu,TGN_fullz,2,mask_FILE_tau10,0.0,True,,,
SimulatedUbuntu,TGN_fullz,2,mask_NET_tau10,0.0,True,,,
SimulatedUbuntu,TGN_fullz,2,mask_PROCESS_tau10,1.0,True,,,
SimulatedUbuntu,TGN_fullz,2,mask_PROCESS_tau1,1.0,True,,,
SimulatedUbuntu,TGN_fullz,2,oracle_prefix,1.0,True,,,
SimulatedUbuntu,TGN_fullz,2,topk5,1.0,True,,,
SimulatedUbuntu,TGN_fullz,2,topk10,1.0,True,,,
SimulatedUbuntu,TGN_fullz,2,topk15,1.0,True,,,
SimulatedUbuntu,TGN_fullz,2,topk20,1.0,True,,,
SimulatedUbuntu,TGN_fullz,2,outlier_grubbs,1.0,True,,,
SimulatedUbuntu,TGN_fullz,2,outlier_zscore,0.875,True,,,
SimulatedUbuntu,TGN_fullz,2,outlier_iqr,1.0,True,,,
SimulatedUbuntu,TGN_fullz,0,loocv_tau,1.0,True,,2.0,
SimulatedUbuntu,TGN_fullz,0,loocv_mask,1.0,True,PROCESS,1.0,
SimulatedUbuntu,TGN_fullz,0,loocv_lambda,1.0,True,PROCESS,1.0,0.0
SimulatedUbuntu,TGN_fullz,1,loocv_tau,1.0,True,,1.61122487,
SimulatedUbuntu,TGN_fullz,1,loocv_mask,1.0,True,PROCESS,1.0,
SimulatedUbuntu,TGN_fullz,1,loocv_lambda,1.0,True,PROCESS,1.0,0.0
SimulatedUbuntu,TGN_fullz,2,loocv_tau,1.0,True,,1.61122487,
SimulatedUbuntu,TGN_fullz,2,loocv_mask,1.0,True,PROCESS,1.0,
SimulatedUbuntu,TGN_fullz,2,loocv_lambda,1.0,True,PROCESS,1.0,0.0
SimulatedUbuntu,released,0,default_tau10,0.973,True,,,
SimulatedUbuntu,released,0,minor_tau1,0.9,True,,,
SimulatedUbuntu,released,0,significant_tau100,0.0,True,,,
SimulatedUbuntu,released,0,critical_tau1000,0.0,True,,,
SimulatedUbuntu,released,0,mask_FILE_tau10,0.0,True,,,
SimulatedUbuntu,released,0,mask_NET_tau10,0.0,True,,,
SimulatedUbuntu,released,0,mask_PROCESS_tau10,1.0,True,,,
SimulatedUbuntu,released,0,mask_PROCESS_tau1,0.973,True,,,
SimulatedUbuntu,released,0,oracle_prefix,0.973,True,,,
SimulatedUbuntu,released,0,topk5,0.973,True,,,
SimulatedUbuntu,released,0,topk10,0.973,True,,,
SimulatedUbuntu,released,0,topk15,0.9,True,,,
SimulatedUbuntu,released,0,topk20,0.9,True,,,
SimulatedUbuntu,released,0,outlier_grubbs,0.973,True,,,
SimulatedUbuntu,released,0,outlier_zscore,0.0,True,,,
SimulatedUbuntu,released,0,outlier_iqr,0.973,True,,,
SimulatedW10,fullz,0,default_tau10,0.9969,True,,,
SimulatedW10,fullz,0,minor_tau1,0.9415,True,,,
SimulatedW10,fullz,0,significant_tau100,0.0,True,,,
SimulatedW10,fullz,0,critical_tau1000,0.0,True,,,
SimulatedW10,fullz,0,mask_FILE_tau10,0.0,True,,,
SimulatedW10,fullz,0,mask_NET_tau10,0.0,True,,,
SimulatedW10,fullz,0,mask_PROCESS_tau10,0.9969,True,,,
SimulatedW10,fullz,0,mask_PROCESS_tau1,0.9728,True,,,
SimulatedW10,fullz,0,oracle_prefix,0.9969,True,,,
SimulatedW10,fullz,0,topk5,0.9787,True,,,
SimulatedW10,fullz,0,topk10,0.9415,True,,,
SimulatedW10,fullz,0,topk15,0.9415,True,,,
SimulatedW10,fullz,0,topk20,0.9415,True,,,
SimulatedW10,fullz,0,outlier_grubbs,0.9969,True,,,
SimulatedW10,fullz,0,outlier_zscore,0.9969,True,,,
SimulatedW10,fullz,0,outlier_iqr,0.9969,True,,,
SimulatedW10,fullz,1,default_tau10,0.9969,True,,,
SimulatedW10,fullz,1,minor_tau1,0.9499,True,,,
SimulatedW10,fullz,1,significant_tau100,0.0,True,,,
SimulatedW10,fullz,1,critical_tau1000,0.0,True,,,
SimulatedW10,fullz,1,mask_FILE_tau10,0.0,True,,,
SimulatedW10,fullz,1,mask_NET_tau10,0.0,True,,,
SimulatedW10,fullz,1,mask_PROCESS_tau10,0.9969,True,,,
SimulatedW10,fullz,1,mask_PROCESS_tau1,0.9938,True,,,
SimulatedW10,fullz,1,oracle_prefix,0.9969,True,,,
SimulatedW10,fullz,1,topk5,0.9847,True,,,
SimulatedW10,fullz,1,topk10,0.9499,True,,,
SimulatedW10,fullz,1,topk15,0.9499,True,,,
SimulatedW10,fullz,1,topk20,0.9499,True,,,
SimulatedW10,fullz,1,outlier_grubbs,0.9969,True,,,
SimulatedW10,fullz,1,outlier_zscore,0.9969,True,,,
SimulatedW10,fullz,1,outlier_iqr,0.9969,True,,,
SimulatedW10,fullz,2,default_tau10,0.9969,True,,,
SimulatedW10,fullz,2,minor_tau1,0.9471,True,,,
SimulatedW10,fullz,2,significant_tau100,0.0,True,,,
SimulatedW10,fullz,2,critical_tau1000,0.0,True,,,
SimulatedW10,fullz,2,mask_FILE_tau10,0.0,True,,,
SimulatedW10,fullz,2,mask_NET_tau10,0.0,True,,,
SimulatedW10,fullz,2,mask_PROCESS_tau10,0.9969,True,,,
SimulatedW10,fullz,2,mask_PROCESS_tau1,0.9908,True,,,
SimulatedW10,fullz,2,oracle_prefix,0.9969,True,,,
SimulatedW10,fullz,2,topk5,0.9847,True,,,
SimulatedW10,fullz,2,topk10,0.9388,True,,,
SimulatedW10,fullz,2,topk15,0.9388,True,,,
SimulatedW10,fullz,2,topk20,0.9388,True,,,
SimulatedW10,fullz,2,outlier_grubbs,0.9969,True,,,
SimulatedW10,fullz,2,outlier_zscore,0.9969,True,,,
SimulatedW10,fullz,2,outlier_iqr,0.9969,True,,,
SimulatedW10,fullz,0,loocv_tau,0.9969,True,,2.53762922,
SimulatedW10,fullz,0,loocv_mask,0.9877,True,PROCESS,1.161784704,
SimulatedW10,fullz,0,loocv_lambda,0.9877,True,PROCESS,1.161784704,0.0
SimulatedW10,fullz,1,loocv_tau,0.9969,True,,2.53762922,
SimulatedW10,fullz,1,loocv_mask,0.9969,True,PROCESS,1.4335935,
SimulatedW10,fullz,1,loocv_lambda,0.9969,True,PROCESS,1.4335935,0.0
SimulatedW10,fullz,2,loocv_tau,0.9908,True,,2.22764512,
SimulatedW10,fullz,2,loocv_mask,0.9969,True,PROCESS,1.4335935,
SimulatedW10,fullz,2,loocv_lambda,0.9969,True,PROCESS,1.4335935,0.0
SimulatedW10,TGN_fullz,0,default_tau10,0.9969,True,,,
SimulatedW10,TGN_fullz,0,minor_tau1,0.936,True,,,
SimulatedW10,TGN_fullz,0,significant_tau100,0.0,True,,,
SimulatedW10,TGN_fullz,0,critical_tau1000,0.0,True,,,
SimulatedW10,TGN_fullz,0,mask_FILE_tau10,0.0,True,,,
SimulatedW10,TGN_fullz,0,mask_NET_tau10,0.0,True,,,
SimulatedW10,TGN_fullz,0,mask_PROCESS_tau10,0.9969,True,,,
SimulatedW10,TGN_fullz,0,mask_PROCESS_tau1,0.9583,True,,,
SimulatedW10,TGN_fullz,0,oracle_prefix,0.9969,True,,,
SimulatedW10,TGN_fullz,0,topk5,0.9758,True,,,
SimulatedW10,TGN_fullz,0,topk10,0.9415,True,,,
SimulatedW10,TGN_fullz,0,topk15,0.936,True,,,
SimulatedW10,TGN_fullz,0,topk20,0.936,True,,,
SimulatedW10,TGN_fullz,0,outlier_grubbs,0.9969,True,,,
SimulatedW10,TGN_fullz,0,outlier_zscore,0.9969,True,,,
SimulatedW10,TGN_fullz,0,outlier_iqr,0.9969,True,,,
SimulatedW10,TGN_fullz,1,default_tau10,0.9969,True,,,
SimulatedW10,TGN_fullz,1,minor_tau1,0.9499,True,,,
SimulatedW10,TGN_fullz,1,significant_tau100,0.0,True,,,
SimulatedW10,TGN_fullz,1,critical_tau1000,0.0,True,,,
SimulatedW10,TGN_fullz,1,mask_FILE_tau10,0.0,True,,,
SimulatedW10,TGN_fullz,1,mask_NET_tau10,0.0,True,,,
SimulatedW10,TGN_fullz,1,mask_PROCESS_tau10,0.9969,True,,,
SimulatedW10,TGN_fullz,1,mask_PROCESS_tau1,0.9583,True,,,
SimulatedW10,TGN_fullz,1,oracle_prefix,0.9969,True,,,
SimulatedW10,TGN_fullz,1,topk5,0.9612,True,,,
SimulatedW10,TGN_fullz,1,topk10,0.9499,True,,,
SimulatedW10,TGN_fullz,1,topk15,0.9499,True,,,
SimulatedW10,TGN_fullz,1,topk20,0.9499,True,,,
SimulatedW10,TGN_fullz,1,outlier_grubbs,0.9969,True,,,
SimulatedW10,TGN_fullz,1,outlier_zscore,0.9969,True,,,
SimulatedW10,TGN_fullz,1,outlier_iqr,0.9969,True,,,
SimulatedW10,TGN_fullz,2,default_tau10,0.9969,True,,,
SimulatedW10,TGN_fullz,2,minor_tau1,0.9253,True,,,
SimulatedW10,TGN_fullz,2,significant_tau100,0.0,True,,,
SimulatedW10,TGN_fullz,2,critical_tau1000,0.0,True,,,
SimulatedW10,TGN_fullz,2,mask_FILE_tau10,0.0,True,,,
SimulatedW10,TGN_fullz,2,mask_NET_tau10,0.0,True,,,
SimulatedW10,TGN_fullz,2,mask_PROCESS_tau10,0.9969,True,,,
SimulatedW10,TGN_fullz,2,mask_PROCESS_tau1,0.9415,True,,,
SimulatedW10,TGN_fullz,2,oracle_prefix,0.9969,True,,,
SimulatedW10,TGN_fullz,2,topk5,0.9583,True,,,
SimulatedW10,TGN_fullz,2,topk10,0.928,True,,,
SimulatedW10,TGN_fullz,2,topk15,0.9253,True,,,
SimulatedW10,TGN_fullz,2,topk20,0.9253,True,,,
SimulatedW10,TGN_fullz,2,outlier_grubbs,0.967,True,,,
SimulatedW10,TGN_fullz,2,outlier_zscore,0.9969,True,,,
SimulatedW10,TGN_fullz,2,outlier_iqr,0.9969,True,,,
SimulatedW10,TGN_fullz,0,loocv_tau,0.9969,True,,8.191681705,
SimulatedW10,TGN_fullz,0,loocv_mask,0.9969,True,PROCESS,8.191681705,
SimulatedW10,TGN_fullz,0,loocv_lambda,0.9969,True,PROCESS,8.191681705,0.0
SimulatedW10,TGN_fullz,1,loocv_tau,0.9969,True,,8.191681705,
SimulatedW10,TGN_fullz,1,loocv_mask,0.9969,True,PROCESS,8.191681705,
SimulatedW10,TGN_fullz,1,loocv_lambda,0.9969,True,PROCESS,8.191681705,0.0
SimulatedW10,TGN_fullz,2,loocv_tau,0.9583,True,,2.48075595,
SimulatedW10,TGN_fullz,2,loocv_mask,0.9583,True,PROCESS,2.3246632099999998,
SimulatedW10,TGN_fullz,2,loocv_lambda,0.9583,True,PROCESS,2.3246632099999998,0.0
SimulatedW10,released,0,default_tau10,0.9699,True,,,
SimulatedW10,released,0,minor_tau1,0.9527,True,,,
SimulatedW10,released,0,significant_tau100,0.0,True,,,
SimulatedW10,released,0,critical_tau1000,0.0,True,,,
SimulatedW10,released,0,mask_FILE_tau10,0.0,True,,,
SimulatedW10,released,0,mask_PROCESS_tau10,0.9699,True,,,
SimulatedW10,released,0,mask_PROCESS_tau1,0.9612,True,,,
SimulatedW10,released,0,oracle_prefix,0.9699,True,,,
SimulatedW10,released,0,topk5,0.9527,True,,,
SimulatedW10,released,0,topk10,0.9527,True,,,
SimulatedW10,released,0,topk15,0.9527,True,,,
SimulatedW10,released,0,topk20,0.9527,True,,,
SimulatedW10,released,0,outlier_grubbs,0.9699,True,,,
SimulatedW10,released,0,outlier_zscore,0.9699,True,,,
SimulatedW10,released,0,outlier_iqr,0.9699,True,,,
SimulatedWS12,fullz,0,default_tau10,0.0,True,,,
SimulatedWS12,fullz,0,minor_tau1,0.5175,True,,,
SimulatedWS12,fullz,0,significant_tau100,0.0,True,,,
SimulatedWS12,fullz,0,critical_tau1000,0.0,True,,,
SimulatedWS12,fullz,0,mask_FILE_tau10,0.0,True,,,
SimulatedWS12,fullz,0,mask_NET_tau10,0.0,True,,,
SimulatedWS12,fullz,0,mask_PROCESS_tau10,0.0,True,,,
SimulatedWS12,fullz,0,mask_PROCESS_tau1,0.8506,True,,,
SimulatedWS12,fullz,0,oracle_prefix,0.5692,True,,,
SimulatedWS12,fullz,0,topk5,0.5286,True,,,
SimulatedWS12,fullz,0,topk10,0.5175,True,,,
SimulatedWS12,fullz,0,topk15,0.5175,True,,,
SimulatedWS12,fullz,0,topk20,0.5175,True,,,
SimulatedWS12,fullz,0,outlier_grubbs,0.5692,True,,,
SimulatedWS12,fullz,0,outlier_zscore,0.0,True,,,
SimulatedWS12,fullz,0,outlier_iqr,0.0,True,,,
SimulatedWS12,fullz,1,default_tau10,0.016,True,,,
SimulatedWS12,fullz,1,minor_tau1,0.3979,True,,,
SimulatedWS12,fullz,1,significant_tau100,0.0,True,,,
SimulatedWS12,fullz,1,critical_tau1000,0.0,True,,,
SimulatedWS12,fullz,1,mask_FILE_tau10,0.0,True,,,
SimulatedWS12,fullz,1,mask_NET_tau10,0.016,True,,,
SimulatedWS12,fullz,1,mask_PROCESS_tau10,0.0,True,,,
SimulatedWS12,fullz,1,mask_PROCESS_tau1,0.8222,True,,,
SimulatedWS12,fullz,1,oracle_prefix,0.4578,True,,,
SimulatedWS12,fullz,1,topk5,0.4318,True,,,
SimulatedWS12,fullz,1,topk10,0.4043,True,,,
SimulatedWS12,fullz,1,topk15,0.3979,True,,,
SimulatedWS12,fullz,1,topk20,0.3979,True,,,
SimulatedWS12,fullz,1,outlier_grubbs,0.016,True,,,
SimulatedWS12,fullz,1,outlier_zscore,0.0222,True,,,
SimulatedWS12,fullz,1,outlier_iqr,0.016,True,,,
SimulatedWS12,fullz,2,default_tau10,0.5649,True,,,
SimulatedWS12,fullz,2,minor_tau1,0.4568,True,,,
SimulatedWS12,fullz,2,significant_tau100,0.0,True,,,
SimulatedWS12,fullz,2,critical_tau1000,0.0,True,,,
SimulatedWS12,fullz,2,mask_FILE_tau10,0.0,True,,,
SimulatedWS12,fullz,2,mask_NET_tau10,0.0,True,,,
SimulatedWS12,fullz,2,mask_PROCESS_tau10,0.961,True,,,
SimulatedWS12,fullz,2,mask_PROCESS_tau1,0.8409,True,,,
SimulatedWS12,fullz,2,oracle_prefix,0.5649,True,,,
SimulatedWS12,fullz,2,topk5,0.4744,True,,,
SimulatedWS12,fullz,2,topk10,0.4568,True,,,
SimulatedWS12,fullz,2,topk15,0.4568,True,,,
SimulatedWS12,fullz,2,topk20,0.4568,True,,,
SimulatedWS12,fullz,2,outlier_grubbs,0.5649,True,,,
SimulatedWS12,fullz,2,outlier_zscore,0.0,True,,,
SimulatedWS12,fullz,2,outlier_iqr,0.0,True,,,
SimulatedWS12,fullz,0,loocv_tau,0.5692,True,,6.0,
SimulatedWS12,fullz,0,loocv_mask,0.9136,True,PROCESS,2.88998137,
SimulatedWS12,fullz,0,loocv_lambda,0.9136,True,PROCESS,2.88998137,0.0
SimulatedWS12,fullz,1,loocv_tau,0.4318,True,,4.932142309999999,
SimulatedWS12,fullz,1,loocv_mask,0.9136,True,PROCESS,3.1145215100000003,
SimulatedWS12,fullz,1,loocv_lambda,0.9136,True,PROCESS,3.1145215100000003,0.0
SimulatedWS12,fullz,2,loocv_tau,0.5649,True,,6.0,
SimulatedWS12,fullz,2,loocv_mask,0.0,True,FILE,1.7795108,
SimulatedWS12,fullz,2,loocv_lambda,0.0,True,FILE,1.7795108,0.0
SimulatedWS12,TGN_fullz,0,default_tau10,0.5606,True,,,
SimulatedWS12,TGN_fullz,0,minor_tau1,0.4744,True,,,
SimulatedWS12,TGN_fullz,0,significant_tau100,0.0,True,,,
SimulatedWS12,TGN_fullz,0,critical_tau1000,0.0,True,,,
SimulatedWS12,TGN_fullz,0,mask_FILE_tau10,0.0,True,,,
SimulatedWS12,TGN_fullz,0,mask_NET_tau10,0.0,True,,,
SimulatedWS12,TGN_fullz,0,mask_PROCESS_tau10,0.9487,True,,,
SimulatedWS12,TGN_fullz,0,mask_PROCESS_tau1,0.5175,True,,,
SimulatedWS12,TGN_fullz,0,oracle_prefix,0.9487,True,,,
SimulatedWS12,TGN_fullz,0,topk5,0.5324,True,,,
SimulatedWS12,TGN_fullz,0,topk10,0.4868,True,,,
SimulatedWS12,TGN_fullz,0,topk15,0.4744,True,,,
SimulatedWS12,TGN_fullz,0,topk20,0.4744,True,,,
SimulatedWS12,TGN_fullz,0,outlier_grubbs,0.5606,True,,,
SimulatedWS12,TGN_fullz,0,outlier_zscore,0.5606,True,,,
SimulatedWS12,TGN_fullz,0,outlier_iqr,0.5606,True,,,
SimulatedWS12,TGN_fullz,1,default_tau10,0.2662,True,,,
SimulatedWS12,TGN_fullz,1,minor_tau1,0.2594,True,,,
SimulatedWS12,TGN_fullz,1,significant_tau100,0.0,True,,,
SimulatedWS12,TGN_fullz,1,critical_tau1000,0.0,True,,,
SimulatedWS12,TGN_fullz,1,mask_FILE_tau10,0.0,True,,,
SimulatedWS12,TGN_fullz,1,mask_NET_tau10,0.0,True,,,
SimulatedWS12,TGN_fullz,1,mask_PROCESS_tau10,0.961,True,,,
SimulatedWS12,TGN_fullz,1,mask_PROCESS_tau1,0.8941,True,,,
SimulatedWS12,TGN_fullz,1,oracle_prefix,0.2724,True,,,
SimulatedWS12,TGN_fullz,1,topk5,0.263,True,,,
SimulatedWS12,TGN_fullz,1,topk10,0.2594,True,,,
SimulatedWS12,TGN_fullz,1,topk15,0.2594,True,,,
SimulatedWS12,TGN_fullz,1,topk20,0.2594,True,,,
SimulatedWS12,TGN_fullz,1,outlier_grubbs,0.2662,True,,,
SimulatedWS12,TGN_fullz,1,outlier_zscore,0.0,True,,,
SimulatedWS12,TGN_fullz,1,outlier_iqr,0.0,True,,,
SimulatedWS12,TGN_fullz,2,default_tau10,0.4302,True,,,
SimulatedWS12,TGN_fullz,2,minor_tau1,0.3834,True,,,
SimulatedWS12,TGN_fullz,2,significant_tau100,0.0,True,,,
SimulatedWS12,TGN_fullz,2,critical_tau1000,0.0,True,,,
SimulatedWS12,TGN_fullz,2,mask_FILE_tau10,0.0,True,,,
SimulatedWS12,TGN_fullz,2,mask_NET_tau10,0.0,True,,,
SimulatedWS12,TGN_fullz,2,mask_PROCESS_tau10,0.8506,True,,,
SimulatedWS12,TGN_fullz,2,mask_PROCESS_tau1,0.5324,True,,,
SimulatedWS12,TGN_fullz,2,oracle_prefix,0.4568,True,,,
SimulatedWS12,TGN_fullz,2,topk5,0.4302,True,,,
SimulatedWS12,TGN_fullz,2,topk10,0.3895,True,,,
SimulatedWS12,TGN_fullz,2,topk15,0.3834,True,,,
SimulatedWS12,TGN_fullz,2,topk20,0.3834,True,,,
SimulatedWS12,TGN_fullz,2,outlier_grubbs,0.4302,True,,,
SimulatedWS12,TGN_fullz,2,outlier_zscore,0.0,True,,,
SimulatedWS12,TGN_fullz,2,outlier_iqr,0.0,True,,,
SimulatedWS12,TGN_fullz,0,loocv_tau,0.5606,True,,13.640463599999999,
SimulatedWS12,TGN_fullz,0,loocv_mask,0.9487,True,PROCESS,10.170133819999998,
SimulatedWS12,TGN_fullz,0,loocv_lambda,0.9487,True,PROCESS,10.170133819999998,0.0
SimulatedWS12,TGN_fullz,1,loocv_tau,0.2662,True,,13.640463599999999,
SimulatedWS12,TGN_fullz,1,loocv_mask,0.961,True,PROCESS,10.170133819999998,
SimulatedWS12,TGN_fullz,1,loocv_lambda,0.961,True,PROCESS,10.170133819999998,0.0
SimulatedWS12,TGN_fullz,2,loocv_tau,0.0,True,,58.0,
SimulatedWS12,TGN_fullz,2,loocv_mask,0.8506,True,PROCESS,2.7257676,
SimulatedWS12,TGN_fullz,2,loocv_lambda,0.8506,True,PROCESS,2.7257676,0.0
SimulatedWS12,released,0,default_tau10,0.8222,True,,,
SimulatedWS12,released,0,minor_tau1,0.6847,True,,,
SimulatedWS12,released,0,significant_tau100,0.0,True,,,
SimulatedWS12,released,0,critical_tau1000,0.0,True,,,
SimulatedWS12,released,0,mask_FILE_tau10,0.0,True,,,
SimulatedWS12,released,0,mask_NET_tau10,0.0,True,,,
SimulatedWS12,released,0,mask_PROCESS_tau10,0.0,True,,,
SimulatedWS12,released,0,mask_PROCESS_tau1,0.925,True,,,
SimulatedWS12,released,0,oracle_prefix,0.8222,True,,,
SimulatedWS12,released,0,topk5,0.7789,True,,,
SimulatedWS12,released,0,topk10,0.717,True,,,
SimulatedWS12,released,0,topk15,0.6847,True,,,
SimulatedWS12,released,0,topk20,0.6847,True,,,
SimulatedWS12,released,0,outlier_grubbs,0.7789,True,,,
SimulatedWS12,released,0,outlier_zscore,0.0,True,,,
SimulatedWS12,released,0,outlier_iqr,0.8222,True,,,
SysClient0051,fullz,0,default_tau10,0.447,True,,,
SysClient0051,fullz,0,minor_tau1,0.4255,True,,,
SysClient0051,fullz,0,significant_tau100,0.2143,True,,,
SysClient0051,fullz,0,critical_tau1000,0.0,True,,,
SysClient0051,fullz,0,mask_FILE_tau10,0.5787,True,,,
SysClient0051,fullz,0,mask_NET_tau10,0.1475,True,,,
SysClient0051,fullz,0,mask_OTHER_tau10,0.094,True,,,
SysClient0051,fullz,0,mask_PROCESS_tau10,0.0,True,,,
SysClient0051,fullz,0,mask_PROCESS_tau1,0.4343,True,,,
SysClient0051,fullz,0,oracle_prefix,0.5787,True,,,
SysClient0051,fullz,0,topk5,0.1345,True,,,
SysClient0051,fullz,0,topk10,0.1401,True,,,
SysClient0051,fullz,0,topk15,0.5787,True,,,
SysClient0051,fullz,0,topk20,0.447,True,,,
SysClient0051,fullz,0,outlier_grubbs,0.1453,True,,,
SysClient0051,fullz,0,outlier_zscore,0.2143,True,,,
SysClient0051,fullz,0,outlier_iqr,0.1345,True,,,
SysClient0051,fullz,1,default_tau10,0.6873,True,,,
SysClient0051,fullz,1,minor_tau1,0.6288,True,,,
SysClient0051,fullz,1,significant_tau100,0.836,True,,,
SysClient0051,fullz,1,critical_tau1000,0.0,True,,,
SysClient0051,fullz,1,mask_FILE_tau10,0.7189,True,,,
SysClient0051,fullz,1,mask_NET_tau10,0.0,True,,,
SysClient0051,fullz,1,mask_OTHER_tau10,0.2591,True,,,
SysClient0051,fullz,1,mask_PROCESS_tau10,0.0,True,,,
SysClient0051,fullz,1,mask_PROCESS_tau1,0.0899,True,,,
SysClient0051,fullz,1,oracle_prefix,0.8435,True,,,
SysClient0051,fullz,1,topk5,0.836,True,,,
SysClient0051,fullz,1,topk10,0.8036,True,,,
SysClient0051,fullz,1,topk15,0.7493,True,,,
SysClient0051,fullz,1,topk20,0.6873,True,,,
SysClient0051,fullz,1,outlier_grubbs,0.8435,True,,,
SysClient0051,fullz,1,outlier_zscore,0.0549,True,,,
SysClient0051,fullz,1,outlier_iqr,0.836,True,,,
SysClient0051,fullz,2,default_tau10,0.3553,True,,,
SysClient0051,fullz,2,minor_tau1,0.3534,True,,,
SysClient0051,fullz,2,significant_tau100,0.1386,True,,,
SysClient0051,fullz,2,critical_tau1000,0.0,True,,,
SysClient0051,fullz,2,mask_FILE_tau10,0.4076,True,,,
SysClient0051,fullz,2,mask_NET_tau10,0.0,True,,,
SysClient0051,fullz,2,mask_OTHER_tau10,0.1447,True,,,
SysClient0051,fullz,2,mask_PROCESS_tau10,0.0,True,,,
SysClient0051,fullz,2,mask_PROCESS_tau1,0.114,True,,,
SysClient0051,fullz,2,oracle_prefix,0.7089,True,,,
SysClient0051,fullz,2,topk5,0.1836,True,,,
SysClient0051,fullz,2,topk10,0.7089,True,,,
SysClient0051,fullz,2,topk15,0.3632,True,,,
SysClient0051,fullz,2,topk20,0.3553,True,,,
SysClient0051,fullz,2,outlier_grubbs,0.1386,True,,,
SysClient0051,fullz,2,outlier_zscore,0.0765,True,,,
SysClient0051,fullz,2,outlier_iqr,0.1386,True,,,
SysClient0051,fullz,0,loocv_tau,0.2005,True,,29.220860004000038,
SysClient0051,fullz,0,loocv_mask,0.1453,True,FILE,26.442944029999914,
SysClient0051,fullz,0,loocv_lambda,0.1453,True,FILE,26.442944029999914,0.0
SysClient0051,fullz,1,loocv_tau,0.8036,True,,27.735941290000024,
SysClient0051,fullz,1,loocv_mask,0.0762,True,PROCESS,0.75579735,
SysClient0051,fullz,1,loocv_lambda,0.0762,True,PROCESS,0.75579735,0.0
SysClient0051,fullz,2,loocv_tau,0.5833,True,,27.735941290000024,
SysClient0051,fullz,2,loocv_mask,0.4082,True,FILE,21.375752273000003,
SysClient0051,fullz,2,loocv_lambda,0.4082,True,FILE,21.375752273000003,0.0
SysClient0051,TGN_fullz,0,default_tau10,0.8805,True,,,
SysClient0051,TGN_fullz,0,minor_tau1,0.8358,True,,,
SysClient0051,TGN_fullz,0,significant_tau100,0.0571,True,,,
SysClient0051,TGN_fullz,0,critical_tau1000,0.0,True,,,
SysClient0051,TGN_fullz,0,mask_FILE_tau10,0.2885,True,,,
SysClient0051,TGN_fullz,0,mask_NET_tau10,0.2383,True,,,
SysClient0051,TGN_fullz,0,mask_OTHER_tau10,0.1111,True,,,
SysClient0051,TGN_fullz,0,mask_PROCESS_tau10,0.0,True,,,
SysClient0051,TGN_fullz,0,mask_PROCESS_tau1,0.8235,True,,,
SysClient0051,TGN_fullz,0,oracle_prefix,0.8805,True,,,
SysClient0051,TGN_fullz,0,topk5,0.2653,True,,,
SysClient0051,TGN_fullz,0,topk10,0.3519,True,,,
SysClient0051,TGN_fullz,0,topk15,0.8358,True,,,
SysClient0051,TGN_fullz,0,topk20,0.8358,True,,,
SysClient0051,TGN_fullz,0,outlier_grubbs,0.0571,True,,,
SysClient0051,TGN_fullz,0,outlier_zscore,0.0,True,,,
SysClient0051,TGN_fullz,0,outlier_iqr,0.0571,True,,,
SysClient0051,TGN_fullz,1,default_tau10,0.7224,True,,,
SysClient0051,TGN_fullz,1,minor_tau1,0.67,True,,,
SysClient0051,TGN_fullz,1,significant_tau100,0.8526,True,,,
SysClient0051,TGN_fullz,1,critical_tau1000,0.0,True,,,
SysClient0051,TGN_fullz,1,mask_FILE_tau10,0.8146,True,,,
SysClient0051,TGN_fullz,1,mask_NET_tau10,0.2176,True,,,
SysClient0051,TGN_fullz,1,mask_OTHER_tau10,0.7929,True,,,
SysClient0051,TGN_fullz,1,mask_PROCESS_tau10,0.0,True,,,
SysClient0051,TGN_fullz,1,mask_PROCESS_tau1,0.8,True,,,
SysClient0051,TGN_fullz,1,oracle_prefix,0.8581,True,,,
SysClient0051,TGN_fullz,1,topk5,0.8323,True,,,
SysClient0051,TGN_fullz,1,topk10,0.7746,True,,,
SysClient0051,TGN_fullz,1,topk15,0.6943,True,,,
SysClient0051,TGN_fullz,1,topk20,0.6734,True,,,
SysClient0051,TGN_fullz,1,outlier_grubbs,0.8323,True,,,
SysClient0051,TGN_fullz,1,outlier_zscore,0.8344,True,,,
SysClient0051,TGN_fullz,1,outlier_iqr,0.8323,True,,,
SysClient0051,TGN_fullz,2,default_tau10,0.8185,True,,,
SysClient0051,TGN_fullz,2,minor_tau1,0.7666,True,,,
SysClient0051,TGN_fullz,2,significant_tau100,0.2255,True,,,
SysClient0051,TGN_fullz,2,critical_tau1000,0.0,True,,,
SysClient0051,TGN_fullz,2,mask_FILE_tau10,0.8075,True,,,
SysClient0051,TGN_fullz,2,mask_NET_tau10,0.0432,True,,,
SysClient0051,TGN_fullz,2,mask_OTHER_tau10,0.1176,True,,,
SysClient0051,TGN_fullz,2,mask_PROCESS_tau10,0.0,True,,,
SysClient0051,TGN_fullz,2,mask_PROCESS_tau1,0.0,True,,,
SysClient0051,TGN_fullz,2,oracle_prefix,0.8185,True,,,
SysClient0051,TGN_fullz,2,topk5,0.2385,True,,,
SysClient0051,TGN_fullz,2,topk10,0.8185,True,,,
SysClient0051,TGN_fullz,2,topk15,0.7988,True,,,
SysClient0051,TGN_fullz,2,topk20,0.7688,True,,,
SysClient0051,TGN_fullz,2,outlier_grubbs,0.2385,True,,,
SysClient0051,TGN_fullz,2,outlier_zscore,0.0432,True,,,
SysClient0051,TGN_fullz,2,outlier_iqr,0.2512,True,,,
SysClient0051,TGN_fullz,0,loocv_tau,0.3085,True,,17.688895969999997,
SysClient0051,TGN_fullz,0,loocv_mask,0.3085,True,"FILE,OTHER",17.139157009999998,
SysClient0051,TGN_fullz,0,loocv_lambda,0.3085,True,"FILE,OTHER",17.139157009999998,0.0
SysClient0051,TGN_fullz,1,loocv_tau,0.7224,True,,9.531615100000002,
SysClient0051,TGN_fullz,1,loocv_mask,0.7224,True,"FILE,OTHER",7.531615100000002,
SysClient0051,TGN_fullz,1,loocv_lambda,0.7224,True,"FILE,OTHER",7.531615100000002,0.0
SysClient0051,TGN_fullz,2,loocv_tau,0.8185,True,,12.309318585000002,
SysClient0051,TGN_fullz,2,loocv_mask,0.8075,True,FILE,5.7503793000000005,
SysClient0051,TGN_fullz,2,loocv_lambda,0.8075,True,FILE,5.7503793000000005,0.0
SysClient0051,released,0,default_tau10,0.8239,True,,,
SysClient0051,released,0,minor_tau1,0.7988,True,,,
SysClient0051,released,0,significant_tau100,0.2383,True,,,
SysClient0051,released,0,critical_tau1000,0.0,True,,,
SysClient0051,released,0,mask_FILE_tau10,0.2383,True,,,
SysClient0051,released,0,mask_NET_tau10,0.0682,True,,,
SysClient0051,released,0,mask_OTHER_tau10,0.8239,True,,,
SysClient0051,released,0,mask_PROCESS_tau10,0.0,True,,,
SysClient0051,released,0,mask_PROCESS_tau1,0.0,True,,,
SysClient0051,released,0,oracle_prefix,0.8704,True,,,
SysClient0051,released,0,topk5,0.2653,True,,,
SysClient0051,released,0,topk10,0.8187,True,,,
SysClient0051,released,0,topk15,0.7988,True,,,
SysClient0051,released,0,topk20,0.7988,True,,,
SysClient0051,released,0,outlier_grubbs,0.2383,True,,,
SysClient0051,released,0,outlier_zscore,0.2199,True,,,
SysClient0051,released,0,outlier_iqr,0.2292,True,,,
SysClient0201,fullz,0,default_tau10,0.9391,True,,,
SysClient0201,fullz,0,minor_tau1,0.9391,True,,,
SysClient0201,fullz,0,significant_tau100,0.9381,True,,,
SysClient0201,fullz,0,critical_tau1000,0.0,True,,,
SysClient0201,fullz,0,mask_FILE_tau10,0.8889,True,,,
SysClient0201,fullz,0,mask_NET_tau10,0.9381,True,,,
SysClient0201,fullz,0,mask_OTHER_tau10,0.9381,True,,,
SysClient0201,fullz,0,mask_PROCESS_tau10,0.9286,True,,,
SysClient0201,fullz,0,mask_PROCESS_tau1,0.9391,True,,,
SysClient0201,fullz,0,oracle_prefix,0.9483,True,,,
SysClient0201,fullz,0,topk5,0.9381,True,,,
SysClient0201,fullz,0,topk10,0.9391,True,,,
SysClient0201,fullz,0,topk15,0.9391,True,,,
SysClient0201,fullz,0,topk20,0.9483,True,,,
SysClient0201,fullz,0,outlier_grubbs,0.9391,True,,,
SysClient0201,fullz,0,outlier_zscore,0.0,True,,,
SysClient0201,fullz,0,outlier_iqr,0.9381,True,,,
SysClient0201,fullz,1,default_tau10,0.9381,True,,,
SysClient0201,fullz,1,minor_tau1,0.9474,True,,,
SysClient0201,fullz,1,significant_tau100,0.0,True,,,
SysClient0201,fullz,1,critical_tau1000,0.0,True,,,
SysClient0201,fullz,1,mask_FILE_tau10,0.0,True,,,
SysClient0201,fullz,1,mask_NET_tau10,0.0,True,,,
SysClient0201,fullz,1,mask_OTHER_tau10,0.9381,True,,,
SysClient0201,fullz,1,mask_PROCESS_tau10,0.0,True,,,
SysClient0201,fullz,1,mask_PROCESS_tau1,0.9474,True,,,
SysClient0201,fullz,1,oracle_prefix,0.9474,True,,,
SysClient0201,fullz,1,topk5,0.9381,True,,,
SysClient0201,fullz,1,topk10,0.9474,True,,,
SysClient0201,fullz,1,topk15,0.9474,True,,,
SysClient0201,fullz,1,topk20,0.9474,True,,,
SysClient0201,fullz,1,outlier_grubbs,0.0,True,,,
SysClient0201,fullz,1,outlier_zscore,0.0,True,,,
SysClient0201,fullz,1,outlier_iqr,0.0,True,,,
SysClient0201,fullz,2,default_tau10,0.5914,True,,,
SysClient0201,fullz,2,minor_tau1,0.5882,True,,,
SysClient0201,fullz,2,significant_tau100,0.9381,True,,,
SysClient0201,fullz,2,critical_tau1000,0.0,True,,,
SysClient0201,fullz,2,mask_FILE_tau10,0.5311,True,,,
SysClient0201,fullz,2,mask_NET_tau10,0.9381,True,,,
SysClient0201,fullz,2,mask_OTHER_tau10,0.9381,True,,,
SysClient0201,fullz,2,mask_PROCESS_tau10,0.5635,True,,,
SysClient0201,fullz,2,mask_PROCESS_tau1,0.5882,True,,,
SysClient0201,fullz,2,oracle_prefix,0.9381,True,,,
SysClient0201,fullz,2,topk5,0.587,True,,,
SysClient0201,fullz,2,topk10,0.5914,True,,,
SysClient0201,fullz,2,topk15,0.5882,True,,,
SysClient0201,fullz,2,topk20,0.5882,True,,,
SysClient0201,fullz,2,outlier_grubbs,0.5882,True,,,
SysClient0201,fullz,2,outlier_zscore,0.0,True,,,
SysClient0201,fullz,2,outlier_iqr,0.5914,True,,,
SysClient0201,fullz,0,loocv_tau,0.9391,True,,1.079932665,
SysClient0201,fullz,0,loocv_mask,0.9381,True,OTHER,0.27925295,
SysClient0201,fullz,0,loocv_lambda,0.9381,True,OTHER,0.27925295,0.0
SysClient0201,fullz,1,loocv_tau,0.0,True,,87.8856054125,
SysClient0201,fullz,1,loocv_mask,0.9381,True,"OTHER,PROCESS",17.431402780499997,
SysClient0201,fullz,1,loocv_lambda,0.9381,True,"OTHER,PROCESS",17.431402780499997,0.0
SysClient0201,fullz,2,loocv_tau,0.5882,True,,0.3572635402,
SysClient0201,fullz,2,loocv_mask,0.5882,True,PROCESS,0.010247691,
SysClient0201,fullz,2,loocv_lambda,0.5882,True,PROCESS,0.010247691,0.0
SysClient0201,TGN_fullz,0,default_tau10,0.9298,True,,,
SysClient0201,TGN_fullz,0,minor_tau1,0.9298,True,,,
SysClient0201,TGN_fullz,0,significant_tau100,0.9009,True,,,
SysClient0201,TGN_fullz,0,critical_tau1000,0.0,True,,,
SysClient0201,TGN_fullz,0,mask_FILE_tau10,0.8909,True,,,
SysClient0201,TGN_fullz,0,mask_NET_tau10,0.0,True,,,
SysClient0201,TGN_fullz,0,mask_OTHER_tau10,0.9009,True,,,
SysClient0201,TGN_fullz,0,mask_PROCESS_tau10,0.9381,True,,,
SysClient0201,TGN_fullz,0,mask_PROCESS_tau1,0.9298,True,,,
SysClient0201,TGN_fullz,0,oracle_prefix,0.9298,True,,,
SysClient0201,TGN_fullz,0,topk5,0.9009,True,,,
SysClient0201,TGN_fullz,0,topk10,0.9298,True,,,
SysClient0201,TGN_fullz,0,topk15,0.9298,True,,,
SysClient0201,TGN_fullz,0,topk20,0.9298,True,,,
SysClient0201,TGN_fullz,0,outlier_grubbs,0.9009,True,,,
SysClient0201,TGN_fullz,0,outlier_zscore,0.0,True,,,
SysClient0201,TGN_fullz,0,outlier_iqr,0.0,True,,,
SysClient0201,TGN_fullz,1,default_tau10,0.9381,True,,,
SysClient0201,TGN_fullz,1,minor_tau1,0.9381,True,,,
SysClient0201,TGN_fullz,1,significant_tau100,0.9091,True,,,
SysClient0201,TGN_fullz,1,critical_tau1000,0.0,True,,,
SysClient0201,TGN_fullz,1,mask_FILE_tau10,0.9381,True,,,
SysClient0201,TGN_fullz,1,mask_NET_tau10,0.0,True,,,
SysClient0201,TGN_fullz,1,mask_OTHER_tau10,0.9381,True,,,
SysClient0201,TGN_fullz,1,mask_PROCESS_tau10,0.9381,True,,,
SysClient0201,TGN_fullz,1,mask_PROCESS_tau1,0.9381,True,,,
SysClient0201,TGN_fullz,1,oracle_prefix,0.9381,True,,,
SysClient0201,TGN_fullz,1,topk5,0.9381,True,,,
SysClient0201,TGN_fullz,1,topk10,0.9381,True,,,
SysClient0201,TGN_fullz,1,topk15,0.9381,True,,,
SysClient0201,TGN_fullz,1,topk20,0.9381,True,,,
SysClient0201,TGN_fullz,1,outlier_grubbs,0.9381,True,,,
SysClient0201,TGN_fullz,1,outlier_zscore,0.0,True,,,
SysClient0201,TGN_fullz,1,outlier_iqr,0.9381,True,,,
SysClient0201,TGN_fullz,2,default_tau10,0.8785,True,,,
SysClient0201,TGN_fullz,2,minor_tau1,0.9298,True,,,
SysClient0201,TGN_fullz,2,significant_tau100,0.0,True,,,
SysClient0201,TGN_fullz,2,critical_tau1000,0.0,True,,,
SysClient0201,TGN_fullz,2,mask_FILE_tau10,0.0,True,,,
SysClient0201,TGN_fullz,2,mask_NET_tau10,0.0,True,,,
SysClient0201,TGN_fullz,2,mask_OTHER_tau10,0.0,True,,,
SysClient0201,TGN_fullz,2,mask_PROCESS_tau10,0.0,True,,,
SysClient0201,TGN_fullz,2,mask_PROCESS_tau1,0.9298,True,,,
SysClient0201,TGN_fullz,2,oracle_prefix,0.9381,True,,,
SysClient0201,TGN_fullz,2,topk5,0.8785,True,,,
SysClient0201,TGN_fullz,2,topk10,0.9381,True,,,
SysClient0201,TGN_fullz,2,topk15,0.9298,True,,,
SysClient0201,TGN_fullz,2,topk20,0.9298,True,,,
SysClient0201,TGN_fullz,2,outlier_grubbs,0.8785,True,,,
SysClient0201,TGN_fullz,2,outlier_zscore,0.0,True,,,
SysClient0201,TGN_fullz,2,outlier_iqr,0.8785,True,,,
SysClient0201,TGN_fullz,0,loocv_tau,0.9298,True,,1.050874893,
SysClient0201,TGN_fullz,0,loocv_mask,0.9298,True,PROCESS,1.050874893,
SysClient0201,TGN_fullz,0,loocv_lambda,0.9298,True,PROCESS,1.050874893,0.0
SysClient0201,TGN_fullz,1,loocv_tau,0.9381,True,,1.050874893,
SysClient0201,TGN_fullz,1,loocv_mask,0.9381,True,PROCESS,1.050874893,
SysClient0201,TGN_fullz,1,loocv_lambda,0.9381,True,PROCESS,1.050874893,0.0
SysClient0201,TGN_fullz,2,loocv_tau,0.9298,True,,0.183092485,
SysClient0201,TGN_fullz,2,loocv_mask,0.0,True,PROCESS,3.868072419,
SysClient0201,TGN_fullz,2,loocv_lambda,0.0,True,PROCESS,3.868072419,0.0
SysClient0201,released,0,default_tau10,0.9381,True,,,
SysClient0201,released,0,minor_tau1,0.9381,True,,,
SysClient0201,released,0,significant_tau100,0.0,True,,,
SysClient0201,released,0,critical_tau1000,0.0,True,,,
SysClient0201,released,0,mask_FILE_tau10,0.0,True,,,
SysClient0201,released,0,mask_NET_tau10,0.0,True,,,
SysClient0201,released,0,mask_OTHER_tau10,0.9091,True,,,
SysClient0201,released,0,mask_PROCESS_tau10,0.9189,True,,,
SysClient0201,released,0,mask_PROCESS_tau1,0.9381,True,,,
SysClient0201,released,0,oracle_prefix,0.9381,True,,,
SysClient0201,released,0,topk5,0.9381,True,,,
SysClient0201,released,0,topk10,0.9381,True,,,
SysClient0201,released,0,topk15,0.9217,True,,,
SysClient0201,released,0,topk20,0.9217,True,,,
SysClient0201,released,0,outlier_grubbs,0.9381,True,,,
SysClient0201,released,0,outlier_zscore,0.0,True,,,
SysClient0201,released,0,outlier_iqr,0.9381,True,,,
SysClient0501,fullz,0,default_tau10,0.9986,True,,,
SysClient0501,fullz,0,minor_tau1,0.9846,True,,,
SysClient0501,fullz,0,significant_tau100,1.0,True,,,
SysClient0501,fullz,0,critical_tau1000,0.6667,True,,,
SysClient0501,fullz,0,mask_FILE_tau10,0.6667,True,,,
SysClient0501,fullz,0,mask_NET_tau10,0.7384,True,,,
SysClient0501,fullz,0,mask_OTHER_tau10,1.0,True,,,
SysClient0501,fullz,0,mask_PROCESS_tau10,0.9986,True,,,
SysClient0501,fullz,0,mask_PROCESS_tau1,0.9915,True,,,
SysClient0501,fullz,0,oracle_prefix,1.0,True,,,
SysClient0501,fullz,0,topk5,1.0,True,,,
SysClient0501,fullz,0,topk10,1.0,True,,,
SysClient0501,fullz,0,topk15,0.9986,True,,,
SysClient0501,fullz,0,topk20,0.9915,True,,,
SysClient0501,fullz,0,outlier_grubbs,0.9958,True,,,
SysClient0501,fullz,0,outlier_zscore,0.6667,True,,,
SysClient0501,fullz,0,outlier_iqr,1.0,True,,,
SysClient0501,fullz,1,default_tau10,1.0,True,,,
SysClient0501,fullz,1,minor_tau1,0.9972,True,,,
SysClient0501,fullz,1,significant_tau100,0.9871,True,,,
SysClient0501,fullz,1,critical_tau1000,0.9693,True,,,
SysClient0501,fullz,1,mask_FILE_tau10,0.9841,True,,,
SysClient0501,fullz,1,mask_NET_tau10,1.0,True,,,
SysClient0501,fullz,1,mask_OTHER_tau10,1.0,True,,,
SysClient0501,fullz,1,mask_PROCESS_tau10,0.9957,True,,,
SysClient0501,fullz,1,mask_PROCESS_tau1,0.9972,True,,,
SysClient0501,fullz,1,oracle_prefix,1.0,True,,,
SysClient0501,fullz,1,topk5,0.9693,True,,,
SysClient0501,fullz,1,topk10,1.0,True,,,
SysClient0501,fullz,1,topk15,1.0,True,,,
SysClient0501,fullz,1,topk20,0.9972,True,,,
SysClient0501,fullz,1,outlier_grubbs,1.0,True,,,
SysClient0501,fullz,1,outlier_zscore,0.0,True,,,
SysClient0501,fullz,1,outlier_iqr,0.9693,True,,,
SysClient0501,fullz,2,default_tau10,1.0,True,,,
SysClient0501,fullz,2,minor_tau1,0.9737,True,,,
SysClient0501,fullz,2,significant_tau100,1.0,True,,,
SysClient0501,fullz,2,critical_tau1000,1.0,True,,,
SysClient0501,fullz,2,mask_FILE_tau10,1.0,True,,,
SysClient0501,fullz,2,mask_NET_tau10,1.0,True,,,
SysClient0501,fullz,2,mask_OTHER_tau10,1.0,True,,,
SysClient0501,fullz,2,mask_PROCESS_tau10,1.0,True,,,
SysClient0501,fullz,2,mask_PROCESS_tau1,0.9958,True,,,
SysClient0501,fullz,2,oracle_prefix,1.0,True,,,
SysClient0501,fullz,2,topk5,1.0,True,,,
SysClient0501,fullz,2,topk10,1.0,True,,,
SysClient0501,fullz,2,topk15,1.0,True,,,
SysClient0501,fullz,2,topk20,0.9778,True,,,
SysClient0501,fullz,2,outlier_grubbs,1.0,True,,,
SysClient0501,fullz,2,outlier_zscore,0.0,True,,,
SysClient0501,fullz,2,outlier_iqr,1.0,True,,,
SysClient0501,fullz,0,loocv_tau,0.9986,True,,8.23938516,
SysClient0501,fullz,0,loocv_mask,0.6667,True,FILE,0.0,
SysClient0501,fullz,0,loocv_lambda,0.6667,True,FILE,0.0,0.0
SysClient0501,fullz,1,loocv_tau,1.0,True,,37.150029258999986,
SysClient0501,fullz,1,loocv_mask,1.0,True,OTHER,7.239385159999999,
SysClient0501,fullz,1,loocv_lambda,1.0,True,OTHER,7.239385159999999,0.0
SysClient0501,fullz,2,loocv_tau,1.0,True,,37.150029258999986,
SysClient0501,fullz,2,loocv_mask,0.9778,True,OTHER,3.3228270400000004,
SysClient0501,fullz,2,loocv_lambda,0.9778,True,OTHER,3.3228270400000004,0.0
SysClient0501,TGN_fullz,0,default_tau10,1.0,True,,,
SysClient0501,TGN_fullz,0,minor_tau1,1.0,True,,,
SysClient0501,TGN_fullz,0,significant_tau100,1.0,True,,,
SysClient0501,TGN_fullz,0,critical_tau1000,1.0,True,,,
SysClient0501,TGN_fullz,0,mask_FILE_tau10,0.9885,True,,,
SysClient0501,TGN_fullz,0,mask_NET_tau10,1.0,True,,,
SysClient0501,TGN_fullz,0,mask_OTHER_tau10,1.0,True,,,
SysClient0501,TGN_fullz,0,mask_PROCESS_tau10,1.0,True,,,
SysClient0501,TGN_fullz,0,mask_PROCESS_tau1,1.0,True,,,
SysClient0501,TGN_fullz,0,oracle_prefix,1.0,True,,,
SysClient0501,TGN_fullz,0,topk5,1.0,True,,,
SysClient0501,TGN_fullz,0,topk10,1.0,True,,,
SysClient0501,TGN_fullz,0,topk15,1.0,True,,,
SysClient0501,TGN_fullz,0,topk20,1.0,True,,,
SysClient0501,TGN_fullz,0,outlier_grubbs,1.0,True,,,
SysClient0501,TGN_fullz,0,outlier_zscore,0.9885,True,,,
SysClient0501,TGN_fullz,0,outlier_iqr,1.0,True,,,
SysClient0501,TGN_fullz,1,default_tau10,1.0,True,,,
SysClient0501,TGN_fullz,1,minor_tau1,1.0,True,,,
SysClient0501,TGN_fullz,1,significant_tau100,1.0,True,,,
SysClient0501,TGN_fullz,1,critical_tau1000,0.9493,True,,,
SysClient0501,TGN_fullz,1,mask_FILE_tau10,0.9767,True,,,
SysClient0501,TGN_fullz,1,mask_NET_tau10,1.0,True,,,
SysClient0501,TGN_fullz,1,mask_OTHER_tau10,1.0,True,,,
SysClient0501,TGN_fullz,1,mask_PROCESS_tau10,1.0,True,,,
SysClient0501,TGN_fullz,1,mask_PROCESS_tau1,1.0,True,,,
SysClient0501,TGN_fullz,1,oracle_prefix,1.0,True,,,
SysClient0501,TGN_fullz,1,topk5,1.0,True,,,
SysClient0501,TGN_fullz,1,topk10,1.0,True,,,
SysClient0501,TGN_fullz,1,topk15,1.0,True,,,
SysClient0501,TGN_fullz,1,topk20,1.0,True,,,
SysClient0501,TGN_fullz,1,outlier_grubbs,0.9767,True,,,
SysClient0501,TGN_fullz,1,outlier_zscore,0.6963,True,,,
SysClient0501,TGN_fullz,1,outlier_iqr,0.9493,True,,,
SysClient0501,TGN_fullz,2,default_tau10,0.9958,True,,,
SysClient0501,TGN_fullz,2,minor_tau1,0.9902,True,,,
SysClient0501,TGN_fullz,2,significant_tau100,1.0,True,,,
SysClient0501,TGN_fullz,2,critical_tau1000,1.0,True,,,
SysClient0501,TGN_fullz,2,mask_FILE_tau10,1.0,True,,,
SysClient0501,TGN_fullz,2,mask_NET_tau10,0.9958,True,,,
SysClient0501,TGN_fullz,2,mask_OTHER_tau10,1.0,True,,,
SysClient0501,TGN_fullz,2,mask_PROCESS_tau10,0.9871,True,,,
SysClient0501,TGN_fullz,2,mask_PROCESS_tau1,0.9944,True,,,
SysClient0501,TGN_fullz,2,oracle_prefix,1.0,True,,,
SysClient0501,TGN_fullz,2,topk5,1.0,True,,,
SysClient0501,TGN_fullz,2,topk10,1.0,True,,,
SysClient0501,TGN_fullz,2,topk15,1.0,True,,,
SysClient0501,TGN_fullz,2,topk20,0.9958,True,,,
SysClient0501,TGN_fullz,2,outlier_grubbs,1.0,True,,,
SysClient0501,TGN_fullz,2,outlier_zscore,1.0,True,,,
SysClient0501,TGN_fullz,2,outlier_iqr,1.0,True,,,
SysClient0501,TGN_fullz,0,loocv_tau,1.0,True,,15.571890425000007,
SysClient0501,TGN_fullz,0,loocv_mask,1.0,True,FILE,1.07334707,
SysClient0501,TGN_fullz,0,loocv_lambda,1.0,True,FILE,1.07334707,0.0
SysClient0501,TGN_fullz,1,loocv_tau,1.0,True,,15.571890425000007,
SysClient0501,TGN_fullz,1,loocv_mask,1.0,True,FILE,1.07334707,
SysClient0501,TGN_fullz,1,loocv_lambda,1.0,True,FILE,1.07334707,0.0
SysClient0501,TGN_fullz,2,loocv_tau,0.9902,True,,2.694682075,
SysClient0501,TGN_fullz,2,loocv_mask,0.9958,True,FILE,0.0,
SysClient0501,TGN_fullz,2,loocv_lambda,0.9958,True,FILE,0.0,0.0
SysClient0501,released,0,default_tau10,1.0,True,,,
SysClient0501,released,0,minor_tau1,0.9684,True,,,
SysClient0501,released,0,significant_tau100,1.0,True,,,
SysClient0501,released,0,critical_tau1000,1.0,True,,,
SysClient0501,released,0,mask_FILE_tau10,1.0,True,,,
SysClient0501,released,0,mask_NET_tau10,1.0,True,,,
SysClient0501,released,0,mask_OTHER_tau10,1.0,True,,,
SysClient0501,released,0,mask_PROCESS_tau10,0.9871,True,,,
SysClient0501,released,0,mask_PROCESS_tau1,0.986,True,,,
SysClient0501,released,0,oracle_prefix,1.0,True,,,
SysClient0501,released,0,topk5,0.9986,True,,,
SysClient0501,released,0,topk10,0.9737,True,,,
SysClient0501,released,0,topk15,0.9684,True,,,
SysClient0501,released,0,topk20,0.9684,True,,,
SysClient0501,released,0,outlier_grubbs,1.0,True,,,
SysClient0501,released,0,outlier_zscore,1.0,True,,,
SysClient0501,released,0,outlier_iqr,1.0,True,,,
cadets,fullz,0,default_tau10,0.0002,True,,,
cadets,fullz,0,minor_tau1,0.9993,True,,,
cadets,fullz,0,significant_tau100,0.0,True,,,
cadets,fullz,0,critical_tau1000,0.0,True,,,
cadets,fullz,0,mask_FILE_tau10,0.0,True,,,
cadets,fullz,0,mask_NET_tau10,0.0002,True,,,
cadets,fullz,0,mask_OTHER_tau10,0.0002,True,,,
cadets,fullz,0,mask_PROCESS_tau10,0.0,True,,,
cadets,fullz,0,mask_PROCESS_tau1,0.0002,True,,,
cadets,fullz,0,oracle_prefix,0.9996,True,,,
cadets,fullz,0,topk5,0.0002,True,,,
cadets,fullz,0,topk10,0.9995,True,,,
cadets,fullz,0,topk15,0.9995,True,,,
cadets,fullz,0,topk20,0.9995,True,,,
cadets,fullz,0,outlier_grubbs,0.9995,True,,,
cadets,fullz,0,outlier_zscore,0.0,True,,,
cadets,fullz,0,outlier_iqr,0.0002,True,,,
cadets,fullz,1,default_tau10,0.9976,True,,,
cadets,fullz,1,minor_tau1,0.9967,True,,,
cadets,fullz,1,significant_tau100,0.0,True,,,
cadets,fullz,1,critical_tau1000,0.0,True,,,
cadets,fullz,1,mask_FILE_tau10,0.9999,True,,,
cadets,fullz,1,mask_NET_tau10,0.0045,True,,,
cadets,fullz,1,mask_OTHER_tau10,0.0002,True,,,
cadets,fullz,1,mask_PROCESS_tau10,1.0,True,,,
cadets,fullz,1,mask_PROCESS_tau1,1.0,True,,,
cadets,fullz,1,oracle_prefix,0.9976,True,,,
cadets,fullz,1,topk5,0.9976,True,,,
cadets,fullz,1,topk10,0.9969,True,,,
cadets,fullz,1,topk15,0.9967,True,,,
cadets,fullz,1,topk20,0.9964,True,,,
cadets,fullz,1,outlier_grubbs,0.0002,True,,,
cadets,fullz,1,outlier_zscore,0.0,True,,,
cadets,fullz,1,outlier_iqr,0.0002,True,,,
cadets,fullz,2,default_tau10,0.0046,True,,,
cadets,fullz,2,minor_tau1,0.9991,True,,,
cadets,fullz,2,significant_tau100,0.0002,True,,,
cadets,fullz,2,critical_tau1000,0.0,True,,,
cadets,fullz,2,mask_FILE_tau10,0.0002,True,,,
cadets,fullz,2,mask_NET_tau10,0.0046,True,,,
cadets,fullz,2,mask_OTHER_tau10,0.0002,True,,,
cadets,fullz,2,mask_PROCESS_tau10,0.0002,True,,,
cadets,fullz,2,mask_PROCESS_tau1,0.9997,True,,,
cadets,fullz,2,oracle_prefix,0.9994,True,,,
cadets,fullz,2,topk5,0.0046,True,,,
cadets,fullz,2,topk10,0.9992,True,,,
cadets,fullz,2,topk15,0.9991,True,,,
cadets,fullz,2,topk20,0.9991,True,,,
cadets,fullz,2,outlier_grubbs,0.0046,True,,,
cadets,fullz,2,outlier_zscore,0.0002,True,,,
cadets,fullz,2,outlier_iqr,0.0046,True,,,
cadets,fullz,0,loocv_tau,0.9996,True,,4.0,
cadets,fullz,0,loocv_mask,0.0,True,PROCESS,3.0,
cadets,fullz,0,loocv_lambda,0.0,True,PROCESS,3.0,0.0
cadets,fullz,1,loocv_tau,0.9969,True,,4.0,
cadets,fullz,1,loocv_mask,0.9964,True,PROCESS,0.29263228,
cadets,fullz,1,loocv_lambda,0.9964,True,PROCESS,0.29263228,0.0
cadets,fullz,2,loocv_tau,0.9994,True,,4.0,
cadets,fullz,2,loocv_mask,0.9993,True,PROCESS,0.58354779,
cadets,fullz,2,loocv_lambda,0.9993,True,PROCESS,0.58354779,0.0
cadets,TGN_fullz,0,default_tau10,1.0,True,,,
cadets,TGN_fullz,0,minor_tau1,0.9985,True,,,
cadets,TGN_fullz,0,significant_tau100,0.0,True,,,
cadets,TGN_fullz,0,critical_tau1000,0.0,True,,,
cadets,TGN_fullz,0,mask_FILE_tau10,1.0,True,,,
cadets,TGN_fullz,0,mask_NET_tau10,0.0029,True,,,
cadets,TGN_fullz,0,mask_OTHER_tau10,0.0002,True,,,
cadets,TGN_fullz,0,mask_PROCESS_tau10,0.0,True,,,
cadets,TGN_fullz,0,mask_PROCESS_tau1,1.0,True,,,
cadets,TGN_fullz,0,oracle_prefix,1.0,True,,,
cadets,TGN_fullz,0,topk5,1.0,True,,,
cadets,TGN_fullz,0,topk10,0.9994,True,,,
cadets,TGN_fullz,0,topk15,0.9985,True,,,
cadets,TGN_fullz,0,topk20,0.9985,True,,,
cadets,TGN_fullz,0,outlier_grubbs,1.0,True,,,
cadets,TGN_fullz,0,outlier_zscore,0.0002,True,,,
cadets,TGN_fullz,0,outlier_iqr,1.0,True,,,
cadets,TGN_fullz,1,default_tau10,1.0,True,,,
cadets,TGN_fullz,1,minor_tau1,0.9998,True,,,
cadets,TGN_fullz,1,significant_tau100,0.0,True,,,
cadets,TGN_fullz,1,critical_tau1000,0.0,True,,,
cadets,TGN_fullz,1,mask_FILE_tau10,1.0,True,,,
cadets,TGN_fullz,1,mask_NET_tau10,0.0002,True,,,
cadets,TGN_fullz,1,mask_OTHER_tau10,0.0002,True,,,
cadets,TGN_fullz,1,mask_PROCESS_tau10,1.0,True,,,
cadets,TGN_fullz,1,mask_PROCESS_tau1,1.0,True,,,
cadets,TGN_fullz,1,oracle_prefix,1.0,True,,,
cadets,TGN_fullz,1,topk5,1.0,True,,,
cadets,TGN_fullz,1,topk10,1.0,True,,,
cadets,TGN_fullz,1,topk15,1.0,True,,,
cadets,TGN_fullz,1,topk20,0.9998,True,,,
cadets,TGN_fullz,1,outlier_grubbs,1.0,True,,,
cadets,TGN_fullz,1,outlier_zscore,0.0,True,,,
cadets,TGN_fullz,1,outlier_iqr,1.0,True,,,
cadets,TGN_fullz,2,default_tau10,0.9999,True,,,
cadets,TGN_fullz,2,minor_tau1,0.9998,True,,,
cadets,TGN_fullz,2,significant_tau100,0.0,True,,,
cadets,TGN_fullz,2,critical_tau1000,0.0,True,,,
cadets,TGN_fullz,2,mask_FILE_tau10,0.9999,True,,,
cadets,TGN_fullz,2,mask_NET_tau10,0.9999,True,,,
cadets,TGN_fullz,2,mask_OTHER_tau10,0.0002,True,,,
cadets,TGN_fullz,2,mask_PROCESS_tau10,1.0,True,,,
cadets,TGN_fullz,2,mask_PROCESS_tau1,0.9999,True,,,
cadets,TGN_fullz,2,oracle_prefix,1.0,True,,,
cadets,TGN_fullz,2,topk5,0.9999,True,,,
cadets,TGN_fullz,2,topk10,0.9999,True,,,
cadets,TGN_fullz,2,topk15,0.9999,True,,,
cadets,TGN_fullz,2,topk20,0.9998,True,,,
cadets,TGN_fullz,2,outlier_grubbs,0.0,True,,,
cadets,TGN_fullz,2,outlier_zscore,0.0,True,,,
cadets,TGN_fullz,2,outlier_iqr,0.0,True,,,
cadets,TGN_fullz,0,loocv_tau,0.9987,True,,1.7738718800000002,
cadets,TGN_fullz,0,loocv_mask,0.0002,True,PROCESS,1.760536,
cadets,TGN_fullz,0,loocv_lambda,0.0002,True,PROCESS,1.760536,0.0
cadets,TGN_fullz,1,loocv_tau,1.0,True,,4.07709324,
cadets,TGN_fullz,1,loocv_mask,1.0,True,"FILE,NET,PROCESS",34.50625412,
cadets,TGN_fullz,1,loocv_lambda,1.0,True,"FILE,NET,PROCESS",34.50625412,0.0
cadets,TGN_fullz,2,loocv_tau,0.9999,True,,4.07709324,
cadets,TGN_fullz,2,loocv_mask,1.0,True,"FILE,NET,PROCESS",35.943079248000004,
cadets,TGN_fullz,2,loocv_lambda,1.0,True,"FILE,NET,PROCESS",35.943079248000004,0.0
cadets,released,0,default_tau10,0.9999,True,,,
cadets,released,0,minor_tau1,0.9993,True,,,
cadets,released,0,significant_tau100,0.9999,True,,,
cadets,released,0,critical_tau1000,0.0,True,,,
cadets,released,0,mask_FILE_tau10,0.9999,True,,,
cadets,released,0,mask_NET_tau10,0.9998,True,,,
cadets,released,0,mask_OTHER_tau10,0.0,True,,,
cadets,released,0,mask_PROCESS_tau10,0.0,True,,,
cadets,released,0,mask_PROCESS_tau1,0.0,True,,,
cadets,released,0,oracle_prefix,0.9999,True,,,
cadets,released,0,topk5,0.9998,True,,,
cadets,released,0,topk10,0.9998,True,,,
cadets,released,0,topk15,0.9994,True,,,
cadets,released,0,topk20,0.9993,True,,,
cadets,released,0,outlier_grubbs,0.9998,True,,,
cadets,released,0,outlier_zscore,0.9999,True,,,
cadets,released,0,outlier_iqr,0.9998,True,,,
theia,fullz,0,default_tau10,0.9882,True,,,
theia,fullz,0,minor_tau1,0.9881,True,,,
theia,fullz,0,significant_tau100,0.9897,True,,,
theia,fullz,0,critical_tau1000,0.9999,True,,,
theia,fullz,0,mask_MEMORY_tau10,0.0,True,,,
theia,fullz,0,mask_NET_tau10,0.9983,True,,,
theia,fullz,0,mask_OTHER_tau10,0.0,True,,,
theia,fullz,0,mask_PROCESS_tau10,0.0,True,,,
theia,fullz,0,mask_PROCESS_tau1,0.0,True,,,
theia,fullz,0,oracle_prefix,0.9999,True,,,
theia,fullz,0,topk5,0.9999,True,,,
theia,fullz,0,topk10,0.9881,True,,,
theia,fullz,0,topk15,0.9881,True,,,
theia,fullz,0,topk20,0.9881,True,,,
theia,fullz,0,outlier_grubbs,0.0,True,,,
theia,fullz,0,outlier_zscore,0.0,True,,,
theia,fullz,0,outlier_iqr,0.0,True,,,
theia,fullz,1,default_tau10,0.9899,True,,,
theia,fullz,1,minor_tau1,0.9899,True,,,
theia,fullz,1,significant_tau100,0.9899,True,,,
theia,fullz,1,critical_tau1000,0.9999,True,,,
theia,fullz,1,mask_MEMORY_tau10,0.0,True,,,
theia,fullz,1,mask_NET_tau10,0.9999,True,,,
theia,fullz,1,mask_OTHER_tau10,0.0,True,,,
theia,fullz,1,mask_PROCESS_tau10,0.0019,True,,,
theia,fullz,1,mask_PROCESS_tau1,0.9899,True,,,
theia,fullz,1,oracle_prefix,0.9999,True,,,
theia,fullz,1,topk5,0.9999,True,,,
theia,fullz,1,topk10,0.9899,True,,,
theia,fullz,1,topk15,0.9899,True,,,
theia,fullz,1,topk20,0.9899,True,,,
theia,fullz,1,outlier_grubbs,0.0,True,,,
theia,fullz,1,outlier_zscore,0.0,True,,,
theia,fullz,1,outlier_iqr,0.0,True,,,
theia,fullz,2,default_tau10,0.9999,True,,,
theia,fullz,2,minor_tau1,0.9998,True,,,
theia,fullz,2,significant_tau100,0.9999,True,,,
theia,fullz,2,critical_tau1000,0.9999,True,,,
theia,fullz,2,mask_MEMORY_tau10,0.0,True,,,
theia,fullz,2,mask_NET_tau10,0.9999,True,,,
theia,fullz,2,mask_OTHER_tau10,0.0,True,,,
theia,fullz,2,mask_PROCESS_tau10,0.0,True,,,
theia,fullz,2,mask_PROCESS_tau1,0.0019,True,,,
theia,fullz,2,oracle_prefix,0.9999,True,,,
theia,fullz,2,topk5,0.9999,True,,,
theia,fullz,2,topk10,0.9998,True,,,
theia,fullz,2,topk15,0.9998,True,,,
theia,fullz,2,topk20,0.9998,True,,,
theia,fullz,2,outlier_grubbs,0.0,True,,,
theia,fullz,2,outlier_zscore,0.0,True,,,
theia,fullz,2,outlier_iqr,0.0,True,,,
theia,fullz,0,loocv_tau,0.9897,True,,183.40844550000014,
theia,fullz,0,loocv_mask,0.9983,True,NET,3.0,
theia,fullz,0,loocv_lambda,0.9983,True,NET,3.0,0.0
theia,fullz,1,loocv_tau,0.9999,True,,199.83494528500012,
theia,fullz,1,loocv_mask,0.9999,True,NET,18.604846230000003,
theia,fullz,1,loocv_lambda,0.9999,True,NET,18.604846230000003,0.0
theia,fullz,2,loocv_tau,0.9999,True,,199.83494528500012,
theia,fullz,2,loocv_mask,0.9999,True,NET,18.604846230000003,
theia,fullz,2,loocv_lambda,0.9999,True,NET,18.604846230000003,0.0
theia,TGN_fullz,0,default_tau10,0.996,True,,,
theia,TGN_fullz,0,minor_tau1,0.996,True,,,
theia,TGN_fullz,0,significant_tau100,0.9999,True,,,
theia,TGN_fullz,0,critical_tau1000,0.9999,True,,,
theia,TGN_fullz,0,mask_MEMORY_tau10,0.0,True,,,
theia,TGN_fullz,0,mask_NET_tau10,0.9999,True,,,
theia,TGN_fullz,0,mask_OTHER_tau10,0.0,True,,,
theia,TGN_fullz,0,mask_PROCESS_tau10,0.0,True,,,
theia,TGN_fullz,0,mask_PROCESS_tau1,0.0,True,,,
theia,TGN_fullz,0,oracle_prefix,0.9999,True,,,
theia,TGN_fullz,0,topk5,0.9999,True,,,
theia,TGN_fullz,0,topk10,0.996,True,,,
theia,TGN_fullz,0,topk15,0.996,True,,,
theia,TGN_fullz,0,topk20,0.996,True,,,
theia,TGN_fullz,0,outlier_grubbs,0.0,True,,,
theia,TGN_fullz,0,outlier_zscore,0.0,True,,,
theia,TGN_fullz,0,outlier_iqr,0.0,True,,,
theia,TGN_fullz,1,default_tau10,0.9999,True,,,
theia,TGN_fullz,1,minor_tau1,0.9999,True,,,
theia,TGN_fullz,1,significant_tau100,0.9999,True,,,
theia,TGN_fullz,1,critical_tau1000,0.9999,True,,,
theia,TGN_fullz,1,mask_MEMORY_tau10,0.0,True,,,
theia,TGN_fullz,1,mask_NET_tau10,0.9999,True,,,
theia,TGN_fullz,1,mask_OTHER_tau10,0.0,True,,,
theia,TGN_fullz,1,mask_PROCESS_tau10,0.0019,True,,,
theia,TGN_fullz,1,mask_PROCESS_tau1,0.0019,True,,,
theia,TGN_fullz,1,oracle_prefix,0.9999,True,,,
theia,TGN_fullz,1,topk5,0.9999,True,,,
theia,TGN_fullz,1,topk10,0.9999,True,,,
theia,TGN_fullz,1,topk15,0.9999,True,,,
theia,TGN_fullz,1,topk20,0.9999,True,,,
theia,TGN_fullz,1,outlier_grubbs,0.0,True,,,
theia,TGN_fullz,1,outlier_zscore,0.0,True,,,
theia,TGN_fullz,1,outlier_iqr,0.0,True,,,
theia,TGN_fullz,2,default_tau10,0.9908,True,,,
theia,TGN_fullz,2,minor_tau1,0.9907,True,,,
theia,TGN_fullz,2,significant_tau100,0.9908,True,,,
theia,TGN_fullz,2,critical_tau1000,0.9999,True,,,
theia,TGN_fullz,2,mask_MEMORY_tau10,0.0,True,,,
theia,TGN_fullz,2,mask_NET_tau10,0.9999,True,,,
theia,TGN_fullz,2,mask_OTHER_tau10,0.0,True,,,
theia,TGN_fullz,2,mask_PROCESS_tau10,0.0,True,,,
theia,TGN_fullz,2,mask_PROCESS_tau1,0.0019,True,,,
theia,TGN_fullz,2,oracle_prefix,0.9999,True,,,
theia,TGN_fullz,2,topk5,0.9999,True,,,
theia,TGN_fullz,2,topk10,0.9907,True,,,
theia,TGN_fullz,2,topk15,0.9907,True,,,
theia,TGN_fullz,2,topk20,0.9907,True,,,
theia,TGN_fullz,2,outlier_grubbs,0.0,True,,,
theia,TGN_fullz,2,outlier_zscore,0.0,True,,,
theia,TGN_fullz,2,outlier_iqr,0.0,True,,,
theia,TGN_fullz,0,loocv_tau,0.9999,True,,199.97463074,
theia,TGN_fullz,0,loocv_mask,0.9999,True,NET,3.0,
theia,TGN_fullz,0,loocv_lambda,0.9999,True,NET,3.0,0.0
theia,TGN_fullz,1,loocv_tau,0.9999,True,,199.97463074,
theia,TGN_fullz,1,loocv_mask,0.9999,True,NET,3.0,
theia,TGN_fullz,1,loocv_lambda,0.9999,True,NET,3.0,0.0
theia,TGN_fullz,2,loocv_tau,0.9908,True,,35.485483720000005,
theia,TGN_fullz,2,loocv_mask,0.9907,True,NET,0.19313219,
theia,TGN_fullz,2,loocv_lambda,0.9907,True,NET,0.19313219,0.0
theia,released,0,default_tau10,0.9999,True,,,
theia,released,0,minor_tau1,0.9998,True,,,
theia,released,0,significant_tau100,0.9999,True,,,
theia,released,0,critical_tau1000,0.9999,True,,,
theia,released,0,mask_MEMORY_tau10,0.0,True,,,
theia,released,0,mask_NET_tau10,0.9999,True,,,
theia,released,0,mask_OTHER_tau10,0.0,True,,,
theia,released,0,mask_PROCESS_tau10,0.0,True,,,
theia,released,0,mask_PROCESS_tau1,0.9999,True,,,
theia,released,0,oracle_prefix,0.9999,True,,,
theia,released,0,topk5,0.9999,True,,,
theia,released,0,topk10,0.9998,True,,,
theia,released,0,topk15,0.9998,True,,,
theia,released,0,topk20,0.9998,True,,,
theia,released,0,outlier_grubbs,0.0,True,,,
theia,released,0,outlier_zscore,0.0,True,,,
theia,released,0,outlier_iqr,0.0,True,,,
trace,fullz,0,default_tau10,0.9999,True,,,
trace,fullz,0,minor_tau1,0.9995,True,,,
trace,fullz,0,significant_tau100,1.0,True,,,
trace,fullz,0,critical_tau1000,0.0,True,,,
trace,fullz,0,mask_FILE_tau10,0.0,True,,,
trace,fullz,0,mask_MEMORY_tau10,0.0,True,,,
trace,fullz,0,mask_NET_tau10,1.0,True,,,
trace,fullz,0,mask_OTHER_tau10,0.0,True,,,
trace,fullz,0,mask_PROCESS_tau10,0.0,True,,,
trace,fullz,0,mask_PROCESS_tau1,1.0,True,,,
trace,fullz,0,oracle_prefix,1.0,True,,,
trace,fullz,0,topk5,0.9999,True,,,
trace,fullz,0,topk10,0.9999,True,,,
trace,fullz,0,topk15,0.9997,True,,,
trace,fullz,0,topk20,0.9995,True,,,
trace,fullz,0,outlier_grubbs,0.9999,True,,,
trace,fullz,0,outlier_zscore,1.0,True,,,
trace,fullz,0,outlier_iqr,1.0,True,,,
trace,fullz,1,default_tau10,1.0,True,,,
trace,fullz,1,minor_tau1,0.9994,True,,,
trace,fullz,1,significant_tau100,1.0,True,,,
trace,fullz,1,critical_tau1000,0.0,True,,,
trace,fullz,1,mask_FILE_tau10,0.0,True,,,
trace,fullz,1,mask_MEMORY_tau10,0.0,True,,,
trace,fullz,1,mask_NET_tau10,1.0,True,,,
trace,fullz,1,mask_OTHER_tau10,0.0,True,,,
trace,fullz,1,mask_PROCESS_tau10,0.0,True,,,
trace,fullz,1,mask_PROCESS_tau1,1.0,True,,,
trace,fullz,1,oracle_prefix,1.0,True,,,
trace,fullz,1,topk5,0.9999,True,,,
trace,fullz,1,topk10,0.9999,True,,,
trace,fullz,1,topk15,0.9995,True,,,
trace,fullz,1,topk20,0.9993,True,,,
trace,fullz,1,outlier_grubbs,0.0,True,,,
trace,fullz,1,outlier_zscore,1.0,True,,,
trace,fullz,1,outlier_iqr,1.0,True,,,
trace,fullz,2,default_tau10,1.0,True,,,
trace,fullz,2,minor_tau1,0.9997,True,,,
trace,fullz,2,significant_tau100,1.0,True,,,
trace,fullz,2,critical_tau1000,1.0,True,,,
trace,fullz,2,mask_FILE_tau10,0.0,True,,,
trace,fullz,2,mask_MEMORY_tau10,0.0,True,,,
trace,fullz,2,mask_NET_tau10,1.0,True,,,
trace,fullz,2,mask_OTHER_tau10,0.0,True,,,
trace,fullz,2,mask_PROCESS_tau10,0.0,True,,,
trace,fullz,2,mask_PROCESS_tau1,1.0,True,,,
trace,fullz,2,oracle_prefix,1.0,True,,,
trace,fullz,2,topk5,1.0,True,,,
trace,fullz,2,topk10,0.9999,True,,,
trace,fullz,2,topk15,0.9998,True,,,
trace,fullz,2,topk20,0.9997,True,,,
trace,fullz,2,outlier_grubbs,1.0,True,,,
trace,fullz,2,outlier_zscore,1.0,True,,,
trace,fullz,2,outlier_iqr,1.0,True,,,
trace,fullz,0,loocv_tau,0.9999,True,,9.485182499999999,
trace,fullz,0,loocv_mask,1.0,True,MEMORY,0.404830933,
trace,fullz,0,loocv_lambda,1.0,True,MEMORY,0.404830933,0.0
trace,fullz,1,loocv_tau,1.0,True,,10.753523499999998,
trace,fullz,1,loocv_mask,1.0,True,FILE,2.0,
trace,fullz,1,loocv_lambda,1.0,True,FILE,2.0,0.0
trace,fullz,2,loocv_tau,1.0,True,,10.753523499999998,
trace,fullz,2,loocv_mask,1.0,True,MEMORY,0.404830933,
trace,fullz,2,loocv_lambda,1.0,True,MEMORY,0.404830933,0.0
trace,TGN_fullz,0,default_tau10,1.0,True,,,
trace,TGN_fullz,0,minor_tau1,0.9996,True,,,
trace,TGN_fullz,0,significant_tau100,0.0,True,,,
trace,TGN_fullz,0,critical_tau1000,0.0,True,,,
trace,TGN_fullz,0,mask_FILE_tau10,0.0,True,,,
trace,TGN_fullz,0,mask_MEMORY_tau10,0.0,True,,,
trace,TGN_fullz,0,mask_NET_tau10,0.0,True,,,
trace,TGN_fullz,0,mask_OTHER_tau10,0.0,True,,,
trace,TGN_fullz,0,mask_PROCESS_tau10,0.0,True,,,
trace,TGN_fullz,0,mask_PROCESS_tau1,1.0,True,,,
trace,TGN_fullz,0,oracle_prefix,1.0,True,,,
trace,TGN_fullz,0,topk5,0.9999,True,,,
trace,TGN_fullz,0,topk10,0.9996,True,,,
trace,TGN_fullz,0,topk15,0.9995,True,,,
trace,TGN_fullz,0,topk20,0.9995,True,,,
trace,TGN_fullz,0,outlier_grubbs,0.9999,True,,,
trace,TGN_fullz,0,outlier_zscore,0.0,True,,,
trace,TGN_fullz,0,outlier_iqr,1.0,True,,,
trace,TGN_fullz,1,default_tau10,1.0,True,,,
trace,TGN_fullz,1,minor_tau1,0.9998,True,,,
trace,TGN_fullz,1,significant_tau100,0.0,True,,,
trace,TGN_fullz,1,critical_tau1000,0.0,True,,,
trace,TGN_fullz,1,mask_FILE_tau10,0.0,True,,,
trace,TGN_fullz,1,mask_MEMORY_tau10,0.0,True,,,
trace,TGN_fullz,1,mask_NET_tau10,0.0,True,,,
trace,TGN_fullz,1,mask_OTHER_tau10,0.0,True,,,
trace,TGN_fullz,1,mask_PROCESS_tau10,0.0,True,,,
trace,TGN_fullz,1,mask_PROCESS_tau1,1.0,True,,,
trace,TGN_fullz,1,oracle_prefix,1.0,True,,,
trace,TGN_fullz,1,topk5,0.9999,True,,,
trace,TGN_fullz,1,topk10,0.9997,True,,,
trace,TGN_fullz,1,topk15,0.9994,True,,,
trace,TGN_fullz,1,topk20,0.9994,True,,,
trace,TGN_fullz,1,outlier_grubbs,1.0,True,,,
trace,TGN_fullz,1,outlier_zscore,0.0,True,,,
trace,TGN_fullz,1,outlier_iqr,1.0,True,,,
trace,TGN_fullz,2,default_tau10,1.0,True,,,
trace,TGN_fullz,2,minor_tau1,0.9995,True,,,
trace,TGN_fullz,2,significant_tau100,1.0,True,,,
trace,TGN_fullz,2,critical_tau1000,1.0,True,,,
trace,TGN_fullz,2,mask_FILE_tau10,0.0,True,,,
trace,TGN_fullz,2,mask_MEMORY_tau10,1.0,True,,,
trace,TGN_fullz,2,mask_NET_tau10,1.0,True,,,
trace,TGN_fullz,2,mask_OTHER_tau10,0.0,True,,,
trace,TGN_fullz,2,mask_PROCESS_tau10,0.0,True,,,
trace,TGN_fullz,2,mask_PROCESS_tau1,1.0,True,,,
trace,TGN_fullz,2,oracle_prefix,1.0,True,,,
trace,TGN_fullz,2,topk5,1.0,True,,,
trace,TGN_fullz,2,topk10,1.0,True,,,
trace,TGN_fullz,2,topk15,1.0,True,,,
trace,TGN_fullz,2,topk20,0.9999,True,,,
trace,TGN_fullz,2,outlier_grubbs,0.0,True,,,
trace,TGN_fullz,2,outlier_zscore,0.0,True,,,
trace,TGN_fullz,2,outlier_iqr,0.0,True,,,
trace,TGN_fullz,0,loocv_tau,1.0,True,,9.112634669,
trace,TGN_fullz,0,loocv_mask,1.0,True,MEMORY,3.114318684,
trace,TGN_fullz,0,loocv_lambda,1.0,True,MEMORY,3.114318684,0.0
trace,TGN_fullz,1,loocv_tau,1.0,True,,9.112634669,
trace,TGN_fullz,1,loocv_mask,1.0,True,MEMORY,3.114318684,
trace,TGN_fullz,1,loocv_lambda,1.0,True,MEMORY,3.114318684,0.0
trace,TGN_fullz,2,loocv_tau,1.0,True,,7.63709219,
trace,TGN_fullz,2,loocv_mask,1.0,True,MEMORY,2.6968317,
trace,TGN_fullz,2,loocv_lambda,1.0,True,MEMORY,2.6968317,0.0
trace,released,0,default_tau10,0.9985,True,,,
trace,released,0,minor_tau1,0.9982,True,,,
trace,released,0,significant_tau100,0.9985,True,,,
trace,released,0,critical_tau1000,0.999,True,,,
trace,released,0,mask_FILE_tau10,0.0003,True,,,
trace,released,0,mask_MEMORY_tau10,0.9985,True,,,
trace,released,0,mask_NET_tau10,1.0,True,,,
trace,released,0,mask_OTHER_tau10,0.0003,True,,,
trace,released,0,mask_PROCESS_tau10,0.0003,True,,,
trace,released,0,mask_PROCESS_tau1,0.999,True,,,
trace,released,0,oracle_prefix,1.0,True,,,
trace,released,0,topk5,1.0,True,,,
trace,released,0,topk10,1.0,True,,,
trace,released,0,topk15,0.999,True,,,
trace,released,0,topk20,0.9985,True,,,
trace,released,0,outlier_grubbs,0.0,True,,,
trace,released,0,outlier_zscore,0.0,True,,,
trace,released,0,outlier_iqr,0.0,True,,,
